{
  "winlog.event_data.ParentProcessId": "父进程ID",
  "winlog.event_data.LogonId": "登录ID",
  "winlog.event_data.ProcessGuid": "进程GUID",
  "winlog.provider_name": "提供程序名称",
  "winlog.provider_guid": "提供程序GUID",
  "winlog.computer_name": "计算机名称",
  "winlog.process.pid": "进程PID",
  "winlog.event_data.ParentImage": "父图像",
  "winlog.record_id": "记录ID",
  "winlog.event_data.CommandLine": "命令行",
  "log.level": "日志级别",
  "agent.name": "代理名称",
  "host.name": "主机名称",
  "winlog.event_data.UtcTime": "UTC时间",
  "winlog.event_data.OriginalFileName": "原始文件名",
  "winlog.event_data.ParentProcessGuid": "父进程GUID",
  "event.kind": "事件种类",
  "winlog.event_data.Company": "公司",
  "winlog.version": "版本",
  "winlog.event_data.RuleName": "规则名称",
  "winlog.event_data.User": "用户",
  "agent.hostname": "代理主机名",
  "event.provider": "事件提供者",
  "event.code": "事件代码",
  "winlog.event_data.FileVersion": "文件版本",
  "agent.id": "代理ID",
  "ecs.version": "ECS版本",
  "event.created": "事件创建时间",
  "winlog.event_data.LogonGuid": "登录GUID",
  "agent.version": "代理版本",
  "winlog.event_data.Description": "描述",
  "winlog.process.thread.id": "线程ID",
  "winlog.event_data.ParentUser": "父用户",
  "winlog.user.type": "用户类型",
  "host.ip": "主机IP",
  "agent.type": "代理类型",
  "winlog.api": "API",
  "winlog.event_data.Hashes": "哈希值",
  "winlog.event_data.ProcessId": "进程ID",
  "winlog.user.identifier": "用户标识符",
  "winlog.task": "任务",
  "winlog.user.domain": "用户域",
  "winlog.event_data.IntegrityLevel": "完整性级别",
  "message": "消息",
  "winlog.user.name": "用户名",
  "winlog.event_id": "事件ID",
  "winlog.event_data.Image": "图像",
  "event.action": "事件动作",
  "@timestamp": "时间戳",
  "winlog.channel": "通道",
  "winlog.opcode": "操作码",
  "agent.ephemeral_id": "临时ID",
  "winlog.event_data.CurrentDirectory": "当前目录",
  "winlog.event_data.TerminalSessionId": "终端会话ID",
  "winlog.event_data.ParentCommandLine": "父命令行",
  "winlog.event_data.Product": "产品"
}
