{
  "winlog.process.thread.id": "线程ID",
  "winlog.event_data.CreationUtcTime": "创建UTC时间",
  "winlog.event_data.ProcessGuid": "进程GUID",
  "winlog.provider_name": "提供程序名称",
  "winlog.provider_guid": "提供程序GUID",
  "winlog.event_data.PreviousCreationUtcTime": "之前的创建UTC时间",
  "winlog.computer_name": "计算机名称",
  "winlog.process.pid": "进程PID",
  "winlog.user.type": "用户类型",
  "host.ip": "主机IP",
  "agent.type": "代理类型",
  "winlog.record_id": "记录ID",
  "winlog.api": "API",
  "log.level": "日志级别",
  "agent.name": "代理名称",
  "host.name": "主机名称",
  "winlog.event_data.UtcTime": "UTC时间",
  "winlog.event_data.ProcessId": "进程ID",
  "event.kind": "事件种类",
  "winlog.user.identifier": "用户标识符",
  "winlog.version": "版本",
  "winlog.task": "任务",
  "winlog.user.domain": "用户域",
  "winlog.event_data.RuleName": "规则名称",
  "winlog.event_data.User": "用户",
  "winlog.event_data.TargetFilename": "目标文件名",
  "agent.hostname": "代理主机名",
  "message": "消息",
  "winlog.user.name": "用户名",
  "winlog.event_id": "事件ID",
  "winlog.event_data.Image": "图像",
  "event.provider": "事件提供者",
  "event.action": "事件动作",
  "event.code": "事件代码",
  "@timestamp": "时间戳",
  "winlog.channel": "通道",
  "agent.id": "代理ID",
  "ecs.version": "ECS版本",
  "event.created": "事件创建时间",
  "winlog.opcode": "操作码",
  "agent.ephemeral_id": "临时ID",
  "agent.version": "代理版本"
}
