{
  "@timestamp": "时间戳",
  "_explanation": "解释",
  "_field_names": "字段名称",
  "_id": "ID",
  "_ignored": "被忽略的字段",
  "_index": "索引",
  "_meta": "元数据",
  "_node": "节点",
  "_parent": "父文档",
  "_primary_term": "主要术语",
  "_routing": "路由",
  "_score": "得分",
  "_seq_no": "序列号",
  "_shard": "分片",
  "_size": "大小",
  "_source": "源数据",
  "_source.winlog.event_data.CommandLine": "源.Windows日志.事件数据.命令行",
  "_source.winlog.event_data.Company": "源.Windows日志.事件数据.公司",
  "_source.winlog.event_data.CurrentDirectory": "源.Windows日志.事件数据.当前目录",
  "_source.winlog.event_data.Description": "源.Windows日志.事件数据.描述",
  "_source.winlog.event_data.FileVersion": "源.Windows日志.事件数据.文件版本",
  "_source.winlog.event_data.Hashes": "源.Windows日志.事件数据.哈希值",
  "_source.winlog.event_data.IntegrityLevel": "源.Windows日志.事件数据.完整性级别",
  "_source.winlog.event_data.LogonGuid": "源.Windows日志.事件数据.登录GUID",
  "_source.winlog.event_data.LogonId": "源.Windows日志.事件数据.登录ID",
  "_source.winlog.event_data.OriginalFileName": "源.Windows日志.事件数据.原始文件名",
  "_source.winlog.event_data.ParentCommandLine": "源.Windows日志.事件数据.父进程命令行",
  "_source.winlog.event_data.ParentImage": "源.Windows日志.事件数据.父进程映像",
  "_source.winlog.event_data.ParentProcessGuid": "源.Windows日志.事件数据.父进程GUID",
  "_source.winlog.event_data.ParentProcessId": "源.Windows日志.事件数据.父进程ID",
  "_source.winlog.event_data.ParentUser": "源.Windows日志.事件数据.父进程用户",
  "_source.winlog.event_data.Product": "源.Windows日志.事件数据.产品",
  "_source.winlog.event_data.TerminalSessionId": "源.Windows日志.事件数据.终端会话ID",
  "_source.winlog.process.thread": "源.Windows日志.进程.线程",
  "_tier": "层级",
  "_timestamp": "时间戳",
  "_ttl": "生存时间",
  "_type": "类型",
  "_version": "版本",
  "agent.ephemeral_id": "临时ID",
  "agent.hostname": "代理主机名",
  "agent.id": "代理ID",
  "agent.name": "代理名称",
  "agent.type": "代理类型",
  "agent.version": "代理版本",
  "ecs.version": "ECS版本",
  "event.action": "事件动作",
  "event.code": "事件代码",
  "event.created": "事件创建时间",
  "event.kind": "事件种类",
  "event.provider": "事件提供者",
  "highlight": "高亮",
  "host.ip": "主机IP",
  "host.name": "主机名称",
  "log.level": "日志级别",
  "message": "消息",
  "sort": "排序",
  "winlog.api": "API",
  "winlog.channel": "通道",
  "winlog.computer_name": "计算机名称",
  "winlog.event_data.CallTrace": "调用追踪",
  "winlog.event_data.Contents": "内容",
  "winlog.event_data.CreationUtcTime": "创建UTC时间",
  "winlog.event_data.Description": "描述",
  "winlog.event_data.DestinationHostname": "目标主机名",
  "winlog.event_data.DestinationIp": "目标IP",
  "winlog.event_data.DestinationIsIpv6": "目标是否为IPv6",
  "winlog.event_data.DestinationPort": "目标端口",
  "winlog.event_data.DestinationPortName": "目标端口名称",
  "winlog.event_data.Details": "详细信息",
  "winlog.event_data.EventType": "事件类型",
  "winlog.event_data.FileVersion": "文件版本",
  "winlog.event_data.GrantedAccess": "授予的访问权限",
  "winlog.event_data.Hash": "哈希值",
  "winlog.event_data.Image": "图像",
  "winlog.event_data.ImageLoaded": "加载的镜像",
  "winlog.event_data.Initiated": "已发起",
  "winlog.event_data.NewName": "新名称",
  "winlog.event_data.PipeName": "管道名称",
  "winlog.event_data.PreviousCreationUtcTime": "先前创建UTC时间",
  "winlog.event_data.ProcessGuid": "进程GUID",
  "winlog.event_data.ProcessId": "进程ID",
  "winlog.event_data.Protocol": "协议",
  "winlog.event_data.RuleName": "规则名称",
  "winlog.event_data.SchemaVersion": "架构版本",
  "winlog.event_data.Signature": "签名",
  "winlog.event_data.SignatureStatus": "签名状态",
  "winlog.event_data.Signed": "是否签名",
  "winlog.event_data.SourceHostname": "源主机名",
  "winlog.event_data.SourceImage": "源进程镜像",
  "winlog.event_data.SourceIp": "源IP",
  "winlog.event_data.SourceIsIpv6": "源是否为IPv6",
  "winlog.event_data.SourcePort": "源端口",
  "winlog.event_data.SourcePortName": "源端口名称",
  "winlog.event_data.SourceProcessGUID": "源进程GUID",
  "winlog.event_data.SourceProcessId": "源进程ID",
  "winlog.event_data.SourceThreadId": "源线程ID",
  "winlog.event_data.SourceUser": "源用户",
  "winlog.event_data.State": "状态",
  "winlog.event_data.TargetFilename": "目标文件名",
  "winlog.event_data.TargetImage": "目标进程镜像",
  "winlog.event_data.TargetObject": "目标对象",
  "winlog.event_data.TargetProcessGUID": "目标进程GUID",
  "winlog.event_data.TargetProcessId": "目标进程ID",
  "winlog.event_data.TargetUser": "目标用户",
  "winlog.event_data.User": "用户",
  "winlog.event_data.UtcTime": "UTC时间",
  "winlog.event_data.Version": "版本",
  "winlog.event_data.事件类型": "事件类型",
  "winlog.event_data.创建UTC时间": "创建UTC时间",
  "winlog.event_data.图像": "镜像",
  "winlog.event_data.用户": "用户",
  "winlog.event_data.目标对象": "目标对象",
  "winlog.event_data.目标文件名": "目标文件名",
  "winlog.event_data.规则名称": "规则名称",
  "winlog.event_data.进程GUID": "进程GUID",
  "winlog.event_data.进程ID": "进程ID",
  "winlog.event_id": "事件ID",
  "winlog.opcode": "操作码",
  "winlog.process.pid": "进程PID",
  "winlog.process.thread.id": "线程ID",
  "winlog.provider_guid": "提供程序GUID",
  "winlog.provider_name": "提供程序名称",
  "winlog.record_id": "记录ID",
  "winlog.task": "任务",
  "winlog.user.domain": "用户域",
  "winlog.user.identifier": "用户标识符",
  "winlog.user.name": "用户名",
  "winlog.user.type": "用户类型",
  "winlog.version": "版本",
  "winlog.event_data.QueryName": "查询名称",
  "winlog.event_data.QueryResults": "查询结果",
  "winlog.event_data.QueryStatus": "查询状态",
  "winlog.event_data.图像": "镜像",
  "winlog.event_data.用户": "用户",
  "winlog.event_data.规则名称": "规则名称",
  "winlog.event_data.进程GUID": "进程GUID",
  "winlog.event_data.进程ID": "进程ID",
  "winlog.event_data.Type": "类型",
  "winlog.event_data.图像": "镜像",
  "winlog.event_data.用户": "用户",
  "winlog.event_data.规则名称": "规则名称",
  "winlog.event_data.进程GUID": "进程GUID",
  "winlog.event_data.进程ID": "进程ID"

}


