{
"Web Shells Dropped 2": "Web Shells 投放 2",
"lsadump detected": "检测到 lsadump",
"Process Debug of active Process": "活动进程的调试",
"Powershell Launched from users folder": "从用户文件夹启动 PowerShell",
"Emotet Executed via WMI": "通过 WMI 执行 Emotet",
"Network connection from windows help folder": "来自 Windows 帮助文件夹的网络连接",
"Utilman Lock Screen Bypass": "Utilman 锁屏绕过",
"Possible driver load with odbcconf": "可能通过 odbcconf 加载驱动程序",
"Impacket Detection 1": "Impacket 检测 1",
"DNS Exfil detected": "检测到 DNS 数据泄露",
"MSDT Loading diagnostic library: Dogwalk/follina": "MSDT 加载诊断库: Dogwalk/follina",
"Malicious Hash Detected": "检测到恶意哈希",
"NamePipe_MoreWindows Named Pipe Detection": "NamePipe_MoreWindows 命名管道检测",
"Shdocvw exec via rundll32": "通过 rundll32 执行 Shdocvw",
"Suspicious Console Host Parents": "可疑的控制台主机父进程",
"MSBuild Network Connections": "MSBuild 网络连接",
"EDR Bypass technique FileProtocolHandler": "EDR 绕过技术 FileProtocolHandler",
"Suspicious Rundll32 loading in Public User folder": "在公共用户文件夹中加载可疑的 Rundll32",
"Emotet Command Line detection 2": "Emotet 命令行检测 2",
"OneDrive Cloud Exfiltration": "OneDrive 云数据泄露",
"Scriptrunner exec": "Scriptrunner 执行",
"Remote Registry via command line": "通过命令行远程注册表",
"Follina msdt Exploit": "Follina msdt 漏洞利用",
"Odbcconf Signed Binary Proxy Execution": "Odbcconf 签名二进制代理执行",
"VNC Service": "VNC 服务",
"IIS Dropping Bat file": "IIS 投放 Bat 文件",
"Sysinternals Initial Tool Execution": "Sysinternals 初始工具执行",
"Remote Desktop Shadow with no Consent alert": "远程桌面影子无同意警报",
"Credential Dumping from lsass": "从 lsass 转储凭证",
"Emissary Panda Hyperbi Named Pipe Detection": "Emissary Panda Hyperbi 命名管道检测",
"PSTools PSKill": "PSTools PSKill",
"OneNote Dropping Executables": "OneNote 投放可执行文件",
"Suspicious Parent process of userinit": "可疑的 userinit 父进程",
"TSFTP Connection": "TSFTP 连接",
"Possible Ransomware Virtual Machine": "可能的勒索软件虚拟机",
"Detection of Modification of LSASS Protection": "检测到 LSASS 保护的修改",
"lateral movement: psexec named pipe detected": "横向移动: 检测到 psexec 命名管道",
"PSexec Execution": "PSexec 执行",
"Powershell Encoded Command Detected": "检测到 PowerShell 编码命令",
"at.exe Task scheduler execution": "at.exe 任务计划执行",
"Suspicious Parent process of LogonUI": "可疑的 LogonUI 父进程",
"Impacket Detection 2": "Impacket 检测 2",
"XSL Script Processing": "XSL 脚本处理",
"Linux Ingress transfer tools on Windows": "在 Windows 上的 Linux 传入工具",
"VNC Incoming Connection History": "VNC 传入连接历史",
"Shell as System Service": "作为系统服务的 Shell",
"MOFComp compilation of .Mof File": "MOFComp 编译 .Mof 文件",
"Hidden Cobra Hoplight Named Pipe Detection": "Hidden Cobra Hoplight 命名管道检测",
"Remote Desktop Shadow Alert": "远程桌面影子警报",
"Priv Escalation to System": "权限提升到系统",
"New Scheduled Task Created": "创建了新计划任务",
"Suspicious or Malicious mshta exec": "可疑或恶意的 mshta 执行",
"cscript execution": "cscript 执行",
"Solarwinds/FireEye sunburst hashes": "Solarwinds/FireEye sunburst 哈希",
"Cobalt Strike Detected 1": "检测到 Cobalt Strike 1",
"IIS Dropping HTA file": "IIS 投放 HTA 文件",
"AutoRun Reg Keys": "自动运行注册表键",
"netsh ipv4 modification": "netsh ipv4 修改",
"CMSTPLUA UAC Bypass": "CMSTPLUA UAC 绕过",
"Credential Dumping Command DCsync": "凭证转储命令 DCsync",
"Credentials in Registry": "注册表中的凭证",
"InstallUtil network connection": "InstallUtil 网络连接",
"CMD Executed via WMI": "通过 WMI 执行 CMD",
"MS-SCMR Execution": "MS-SCMR 执行",
"EDR Bypass OpenURLA": "EDR 绕过 OpenURLA",
"Solarwinds sunburst suspicious file writes": "Solarwinds sunburst 可疑文件写入",
"Office Homepage Attack": "Office 主页攻击",
"BitsAdmin File Transfers 2": "BitsAdmin 文件传输 2",
"Network connection from Windows\\Addins Folder": "来自 Windows\\Addins 文件夹的网络连接",
"FTP exfiltration detected": "检测到 FTP 数据泄露",
"DNSCMD DLL exec": "DNSCMD DLL 执行",
"Suspicious HWP Sub Processes": "可疑的 HWP 子进程",
"Cobalt Strike Susp activity 2": "Cobalt Strike 可疑活动 2",
"Rundll32 Dropping Executables": "Rundll32 投放可执行文件",
"Auditpol System/GP Audit Policy Discovery": "Auditpol 系统/GP 审计策略发现",
"Possible Keylogger Detected": "可能检测到键盘记录器",
"Credential Dumping Command nltest": "凭证转储命令 nltest",
"Windows Active Directory Services DLL Loading in Suspicious Directories": "在可疑目录中加载 Windows Active Directory Services DLL",
"Suspicious Processes Spawned by WinRM": "由 WinRM 生成的可疑进程",
"Usagelog Tampering": "使用日志篡改",
"WMI Execution Detected": "检测到 WMI 执行",
"Web Shells Dropped 3": "Web Shells 投放 3",
"VNC": "VNC",
"Potential Ransomware indicator": "潜在的勒索软件指标",
"Secure Shell Execution": "安全外壳执行",
"SCHTasks.exe Task Scheduler Network Connection": "SCHTasks.exe 任务计划网络连接",
"EPS Processing 0day": "EPS 处理 0day",
"Data Destruction with bcdedit Detected": "检测到使用 bcdedit 进行数据销毁",
"Crypto Currency Miner Detected": "检测到加密货币矿工",
"Data Destruction with wbadmin Detected": "检测到使用 wbadmin 进行数据销毁",
"Dumping Cached Credentials": "转储缓存的凭证",
"Disabling of Windows Defender Features": "禁用 Windows Defender 功能",
"Credential Dumping Command rpcping": "凭证转储命令 rpcping",
"Certutil file download 2": "Certutil 文件下载 2",
"Browser Credential exfiltration": "浏览器凭证泄露",
"EDR Bypass": "EDR 绕过",
"System Information Discovery": "系统信息发现",
"Registry Class changes with reg.exe": "使用 reg.exe 进行的注册表类更改",
"Data Destruction with format": "使用 format 进行数据销毁",
"Exploit - Equation Editor starts application": "漏洞利用 - Equation Editor 启动应用程序",
"base64 encoded powershell": "base64 编码的 Powershell",
"Control Panel Execution": "控制面板执行",
"Malicious Named Pipe Detection 1": "恶意命名管道检测 1",
"Suspicious wscript commands": "可疑的 wscript 命令",
"Powershell Hidden Command": "隐藏的 Powershell 命令",
"Emotet Child Process Detected": "检测到 Emotet 子进程",
"SQL Server Exploitation Detected": "检测到 SQL Server 漏洞利用",
"Network Connection from Windows\\repair Folder": "来自 Windows\\repair 文件夹的网络连接",
"ARP Table Lookup Detected": "检测到 ARP 表查询",
"Data Destruction with vssadmin Detected": "检测到使用 vssadmin 进行数据销毁",
"SysmonQuiet Detection": "SysmonQuiet 检测",
"Suspicious Child process of smss": "smss 的可疑子进程",
"Data Destruction with sdelete Detected": "检测到使用 sdelete 进行数据销毁",
"DSclient Discovery": "DSclient 发现",
"msdt via diagcab file": "通过 diagcab 文件的 msdt",
"Group Policy Discovery with GPResult": "通过 GPResult 进行组策略发现",
"CreateRemoteThread with msiexec": "使用 msiexec 创建远程线程",
"sethc.exe Lock Screen Bypass": "sethc.exe 锁屏绕过",
"Common Malware Hosting Domain: Tiny-share.com": "常见的恶意软件托管域: Tiny-share.com",
"ahexec Named Pipe Detection": "ahexec 命名管道检测",
"Solarwinds/FireEye sunburst driver hashes": "Solarwinds/FireEye sunburst 驱动哈希",
"PSExec Command": "PSExec 命令",
"Powershell Injection persistence bypass": "Powershell 注入持久性绕过",
"RWinsta Forced User Logoff": "RWinsta 强制用户注销",
"Sysinternals PSService": "Sysinternals PSService",
"e710f28d59aa529d6792ca6ff0ca1b34 Named Pipe Detection": "e710f28d59aa529d6792ca6ff0ca1b34 命名管道检测",
"Exchange 0day Attackers from September 2022": "2022年9月的 Exchange 零日漏洞攻击者",
"PresentationHost exec": "PresentationHost 执行",
"Network Connection from systemprofile Folder": "来自 systemprofile 文件夹的网络连接",
"Suspicious Parent process of SMSS": "SMSS 的可疑父进程",
"Suspicious Parent process of Autochk": "Autochk 的可疑父进程",
"rpchlp_3 Named Pipe Detection": "rpchlp_3 命名管道检测",
"Office Exploitation Detection": "Office 漏洞利用检测",
"Windows Active Directory Services DLL Loading by Suspicious Process": "Windows Active Directory Services DLL 被可疑进程加载",
"Monitor Runtime Exception Handler execution on crash": "监控崩溃时的运行时异常处理器执行",
"RSAT Tool Launch": "RSAT 工具启动",
"Ingress Tool Transfer with Powercat": "使用 Powercat 进行传入工具传输",
"Malicious Named Pipe Detection 2": "恶意命名管道检测 2",
"Common Obfuscated Commands": "常见的混淆命令",
"Perflogs unusual network connection": "Perflogs 不寻常的网络连接",
"Data Destruction with shred Detected": "检测到使用 shred 进行数据销毁",
"Network connection in Windows Font folder": "Windows 字体文件夹中的网络连接",
"Audio Capture Detected": "检测到音频捕获",
"Mavinject Detected": "检测到 Mavinject",
"Possible Ransomware Command Detected": "检测到可能的勒索软件命令",
"Sharphound Discovery": "Sharphound 发现",
"Dynamic DNS Query": "动态 DNS 查询",
"Kali Linux Distribution Download/Apt URL": "Kali Linux 发行版下载/Apt URL",
"Powershell shadow copy creation": "Powershell 创建影子副本",
"Suspicious Child process of conhost": "conhost 的可疑子进程",
"Ingress Tool Transfer with ieexec": "使用 ieexec 进行传入工具传输",
"New SVCHost service": "新的 SVCHost 服务",
"Malicious Keywords from Exploitation Frameworks": "来自漏洞利用框架的恶意关键词",
"Advanced IP Scanner Scan Detected": "检测到高级 IP 扫描器扫描",
"FireEye sunburst file hashes": "FireEye sunburst 文件哈希",
"Detect PoisonTap": "检测 PoisonTap",
"Powershell non-interactive Command": "Powershell 非交互命令",
"Pathping Remote System Discovery": "Pathping 远程系统发现",
"Cobalt Strike Named Pipe Detection 1": "Cobalt Strike 命名管道检测 1",
"Powerup Command Line events": "Powerup 命令行事件",
"Token Manipulation with runas.exe": "使用 runas.exe 进行令牌操作",
"Obfuscated Emotet Command Line detection": "混淆的 Emotet 命令行检测",
"Possible InstallerFileTakeOver LPE": "可能的 InstallerFileTakeOver 本地权限提升",
"Usagelog Env Tampering": "使用日志环境篡改",
"Exchange 0day from September 2022 overwriting legit file": "2022年9月的 Exchange 零日漏洞覆盖合法文件",
"Command Line File Deletion": "命令行文件删除",
"sdlrpc Named Pipe Detection": "sdlrpc 命名管道检测",
"Box.com Cloud Exfiltration": "Box.com 云数据泄露",
"Office MSHTML Exploit": "Office MSHTML 漏洞利用",
"Mimikatz Files": "Mimikatz 文件",
"Atlassian Confluence Remote Exploit": "Atlassian Confluence 远程漏洞利用",
"Safeboot Service Added": "添加了 Safeboot 服务",
"Trickbot 2": "Trickbot 2",
"Possible qbot injection": "可能的 qbot 注入",
"Suspicious Directory Traversal": "可疑的目录遍历",
"LoadLibrary DLL Injection": "LoadLibrary DLL 注入",
"Powershell Hidden File or Folder created": "创建了隐藏的 Powershell 文件或文件夹",
"Powershell Executed via WMI from recent Emotet Variants": "通过 WMI 从最近的 Emotet 变种执行 Powershell",
"Apache Spark Exploit": "Apache Spark 漏洞利用",
"SilentProcessExit Globalflag Set": "设置了 SilentProcessExit 全局标志",
"remcom Named Pipe Detection": "remcom 命名管道检测",
"Register-cimprovider exec": "Register-cimprovider 执行",
"Link-Local RDP Tunnel Detection": "本地链接 RDP 隧道检测",
"Command Line file transfer": "命令行文件传输",
"DNSpionage Link click": "DNSpionage 链接点击",
"Powershell without Powershell": "无 Powershell 的 Powershell 执行",
"Potential LNK Malware File Downloaded": "下载了潜在的 LNK 恶意软件文件",
"Teamviewer Password Exposed in Plain Text 2": "Teamviewer 密码以明文暴露 2",
"Web Server Exploitation Detected": "检测到 Web 服务器漏洞利用",
"CertUtil Decode": "CertUtil 解码",
"MegaCortex Ransomware": "MegaCortex 勒索软件",
"Suspicious Parent process of services": "services 的可疑父进程",
"Suspicious Network List Service Child Processes": "网络列表服务的可疑子进程",
"HAFNIUM APT Exchange UMS Process": "HAFNIUM APT Exchange UMS 进程",
"Sept 2022 Exchange 0day DLL detection": "2022年9月的 Exchange 零日漏洞 DLL 检测",
"wceaux.dll driver loaded": "加载了 wceaux.dll 驱动程序",
"lsassw Named Pipe Detection": "lsassw 命名管道检测",
"Rundll32 Single Threaded Apartment Switch - check for com hijacks": "Rundll32 单线程公寓切换 - 检查 com 劫持",
"Windows Remote Management Execution": "Windows 远程管理执行",
"Hacking with python": "使用 Python 进行黑客攻击",
"NJRAT Detection": "检测到 NJRAT",
"CMD.exe Executed via WMI from recent Emotet Variants": "通过 WMI 从最近的 Emotet 变种执行 CMD.exe",
"Double Base64 encoded executable": "双重 Base64 编码的可执行文件",
"Solarwinds sunburst malware dll": "Solarwinds sunburst 恶意软件 dll",
"Suspicious Parent process of svchost": "svchost 的可疑父进程",
"SharpDump bin": "SharpDump 二进制文件",
"Remote querying of services": "远程查询服务",
"Dropbox Cloud Exfiltration": "Dropbox 云数据泄露",
"cachedump detected": "检测到 cachedump",
"AV Product detection via WMI": "通过 WMI 检测杀毒产品",
"Network Connection from wwwroot folder: Possible webshell": "来自 wwwroot 文件夹的网络连接: 可能的 webshell",
"Services: New System Service: Share Process": "服务：新系统服务：共享进程",
"Privatlab Cloud Exfiltration": "Privatlab 云数据泄露",
"Executed files within Outlook Attachments": "在 Outlook 附件中执行的文件",
"NPCap packet capture driver loaded": "加载了 NPCap 报文捕获驱动",
"xwizard LOLBAS": "xwizard LOLBAS",
"HyperV Remote Management Tool Launch": "HyperV 远程管理工具启动",
"Suspicious rundll32 commands": "可疑的 rundll32 命令",
"Possible WinNTI Malware": "可能的 WinNTI 恶意软件",
"Formbook detections": "检测到 Formbook",
"CMSTP UAC Bypass Detected 4": "检测到 CMSTP UAC 绕过 4",
"Autorun Folder Entries": "自启动文件夹条目",
"Remote Procedure Call Service Crash detected": "检测到远程过程调用服务崩溃",
"Data Destruction with get-wmiobject Detected": "检测到使用 get-wmiobject 进行数据销毁",
"Suspicious child processes of mshta": "mshta 的可疑子进程",
"Solarwinds/FireEye sunburst image hashes": "Solarwinds/FireEye sunburst 图像哈希",
"SilentProcessExit Execution from werfault S-Flag": "从 werfault S 标志执行 SilentProcessExit",
"Screencapture Commands": "屏幕捕获命令",
"Snatch Ransomware Detected": "检测到 Snatch 勒索软件",
"Possible credential modification or disclosure with cmdkey": "使用 cmdkey 可能的凭证修改或泄露",
"Suspicious WMIC Commands": "可疑的 WMIC 命令",
"Terminal Service Process Spawn": "终端服务进程生成",
"MSHTA Dropping Executables": "MSHTA 投放可执行文件",
"Compiled HTML File Dropping Executables": "编译的 HTML 文件投放可执行文件",
"Cobalt Strike GetSystem escalation Detected": "检测到 Cobalt Strike GetSystem 提权",
"RegAsm shellcode C2 connection": "RegAsm shellcode C2 连接",
"VBoxDrvInst.exe exec": "VBoxDrvInst.exe 执行",
"Suspicious Com Object Hijacking Locations": "可疑的 COM 对象劫持位置",
"Teamviewer Password Exposed in Plain Text 3": "Teamviewer 密码以明文暴露 3",
"Suspicious Parent process of lsass/LsaIso": "lsass/LsaIso 的可疑父进程",
"Symlink to Shadowcopy": "到 Shadowcopy 的符号链接",
"KeeFarce.exe default injected DLL name": "KeeFarce.exe 默认注入的 DLL 名称",
"QBot Process Creation": "QBot 进程创建",
"winsession Named Pipe Detection": "winsession 命名管道检测",
"Port Scan Tool Detected": "检测到端口扫描工具",
"Copy of NTDS.dit from vss shadow copy": "从 vss 影子副本复制 NTDS.dit",
"Office Calendar Homepage Attack": "Office 日历主页攻击",
"SSH Connection with Putty": "使用 Putty 进行 SSH 连接",
"Disabling of Windows Event Log Source": "禁用 Windows 事件日志源",
"Remote password change with PSPasswd": "使用 PSPasswd 进行远程密码更改",
"Sysmon Detection with driver altitude": "使用驱动程序高度进行 Sysmon 检测",
"Network Connection from htdocs folder": "来自 htdocs 文件夹的网络连接",
"Possible Email Collection/Exfiltration": "可能的电子邮件收集/泄露",
"Data pulled from clipboard": "从剪贴板提取的数据",
"Hacking with session hijacking": "会话劫持攻击",
"Teamviewer Password Exposed in Plain Text 4": "Teamviewer 密码以明文暴露 4",
"MSBuild building from lnk file": "MSBuild 从 lnk 文件构建",
"Potential rundll32.exe DllRegisterServer execution": "潜在的 rundll32.exe DllRegisterServer 执行",
"WSCRIPT Network connection": "WSCRIPT 网络连接",
"Potential Malicious Remote WMI Execution Detected": "检测到潜在的恶意远程 WMI 执行",
"Teamviewer adminrights Key modification": "Teamviewer 管理员权限密钥修改",
"isapi_http Named Pipe Detection": "isapi_http 命名管道检测",
"RDP Hijack Detected": "检测到 RDP 劫持",
"Verclsid Dropping Executables": "Verclsid 投放可执行文件",
"MSIExec Signed Binary Proxy Execution": "MSIExec 签名二进制代理执行",
"CSC Suspicious Location": "CSC 可疑位置",
"Control_Rundll Detected": "检测到 Control_Rundll",
"SharpEvtMute Detection": "SharpEvtMute 检测",
"Suspicious Child process of wermgr": "wermgr 的可疑子进程",
"Pacifier Named Pipe Detection": "Pacifier 命名管道检测",
"Expand File copy": "扩展文件复制",
"Microsoft Office Dropping Executables": "Microsoft Office 投放可执行文件",
"User Account Hidden From Logon Screen": "用户账户从登录屏幕隐藏",
"netsh firewall disablement": "netsh 防火墙禁用",
"LOLBin Dropping Executables": "LOLBin 投放可执行文件",
"Remote Procedure Call Service Anomaly": "远程过程调用服务异常",
"Detected disablement of System Restore": "检测到系统还原禁用",
"Covanant C2 Named Pipe Detection": "Covanant C2 命名管道检测",
"Tor Connection": "Tor 连接",
"Telnet Terminal Emulator": "Telnet 终端仿真器",
"sethc.exe Priv Escalation": "sethc.exe 提权",
"SilentProcessExit Process Added": "已添加 SilentProcessExit 进程",
"suspicious execution path": "可疑的执行路径",
"Nanocore Detected": "检测到 Nanocore",
"RDP Wrapper": "RDP 包装器",
"PSFTP Connection": "PSFTP 连接",
"VBA Project VBA Warnings Macro Setting Change": "VBA 项目 VBA 警告宏设置更改",
"Destructive WMIC Commands Detected": "检测到破坏性的 WMIC 命令",
"verclsid Office Execution": "verclsid 办公执行",
"User enumeration/Discovery": "用户枚举/发现",
"Ubuntu Windows Subsystem For Linux": "Ubuntu Windows 子系统",
"DNS Remote Code Execution": "DNS 远程代码执行",
"Automated SSH Connection with Putty PLink": "使用 Putty PLink 自动化 SSH 连接",
"Potential Ransomware Indicator: EnableLinkedConnections Registry key": "潜在的勒索软件指标：EnableLinkedConnections 注册表键",
"Possible Arp Spoofing attacks": "可能的 ARP 欺骗攻击",
"Process Hollowing Detected": "检测到进程空洞",
"Potential Tor Files": "潜在的 Tor 文件",
"Certutil file download 1": "Certutil 文件下载 1",
"Powershell Launched from mshta": "Powershell 从 mshta 启动",
"Double File Extension Detected": "检测到双重文件扩展名",
"PCAP Sniffing tool Detected": "检测到 PCAP 嗅探工具",
"Sysinternals PSEXE Tools": "Sysinternals PSEXE 工具",
"PSexec Child Process": "PSexec 子进程",
"CSC Compilation": "CSC 编译",
"Bitlocker Drive Encryption Disabled on System Drive": "系统驱动器上的 Bitlocker 驱动器加密已禁用",
"Detect Windows Defender Exclusion Extension Changes": "检测 Windows Defender 排除扩展更改",
"Credential Theft: netsh wlan password export in cleartext": "凭证盗窃：netsh wlan 密码明文导出",
"CMSTP Dropping Executables": "CMSTP 投放可执行文件",
"TajMahal APT Tool Detection": "检测到 TajMahal APT 工具",
"Generic APT Hash Detection": "通用 APT 哈希检测",
"Data Destruction with wmic shadowstorage Det": "检测到使用 wmic shadowstorage 进行数据销毁",
"Regsvcs/Regasm Dropping Executables": "Regsvcs/Regasm 投放可执行文件",
"icious network connection from Recycle bin": "来自回收站的可疑网络连接",
"Group Policy Discovery with Powershell": "使用 Powershell 进行组策略发现",
"Possibleclone Exfiltration": "可能的 rclone 数据泄露",
"Utilman Priv Escalation": "Utilman 提权",
"Data injected into clipboard": "数据注入到剪贴板",
 "Image File Execution Options": "图像文件执行选项",
"AstraRoth Command Line detection": "AstraRoth 命令行检测",
"PSEXESVC Child Process":"PESVC 子进程",
"PsKill Command": "PsKill 命令",
"IIS Dropping DLL file": "IIS 投放 DLL 文件",
"Suspicious Network Service Child Processes": "可疑的网络服务子进程",
"Scripted Diagnostics Turn Off Check Enabled: Dogwalk/follina": "启用脚诊断关闭检查：Dogwalk/follina",
"netsh adding SSL Certificate": "netsh 添加 SSL 证书",
"Regsvr32 Dropping Executables": "Regsvr32 投放可执行文件",
"Solarwinds/FireEye sunburst domains": "Solarwinds/FireEye sunburst 域名",
"DumpExt.dll driver loaded": "加载了 DumpExt.dll 驱动程序",
"IE Exploitation CVE-2019-1388": "IE 漏洞利用 CVE-2019-1388",
"Sysinternals PsPasswd": "Sysinternals PsPasswd",
"NetSH PortProxy": "NetSH 端口代理",
"Scheduled Task Created": "创建了计划任务",
"MSBuild Building from xml - Silent Trinity": "MSBuild 从 xml 构 - Silent Trinity",
"Cobalt Strike Detected 2": "检测到 Cobalt Strike 2",
"isapi_dg2 Named Pipe Detection": "isapi_dg2 命名管道检测",
"Unusual network connection from Recycle bin": "来自回收站的异常网络连接",
"Suspicious Regsvr32 loading in Appdata temp": "在 Appdata 临时文件夹中发现可疑的 Regsvr32 加载",
"CSC Network Conections": "CSC 网络连接",
"Stealth Sysmon Change Detected": "检测到隐蔽的 Sysmon 更改",
"NGenAssemblyUsageLog Tampering Detected": "检测到 NGenAssemblyUsageLog 篡改",
"Network connection from Intel logs": "来自 Intel 日志的网络连接",
"Virtual DVD-ROM Drive Mounted": "挂载虚拟 DVD-ROM 驱动器",
"MMC Dropping Executables": "MMC 投放可执行文件",
"APT28 CHOPSTICK Detection": "检测到PT28 CHOPSTICK",
"Screenconnect Remote Access": "Screenconnect 远程访问",
"Suspicious Parent process of smss": "smss 的可疑父进程",
"Phell Execution Policy Bypass": "Powershell 执行策略绕过",
"Web Shells Dropped 1": "投放的 Web Shells 1",
"Cobalt Strike Exec DLL Det": "检测到 Cobalt Strike Exec DLL",
"Turla Advanced Persistent Threat Named Pipe Detection": "Turla 高级持续威胁命名管道检测",
"Potential Ransomware Indicator:vil Sodinokibi Sodin Ransomware": "潜在的勒索软件指标：REvil Sodinokibi Sodin 勒索软件",
"Web Shells Dropped ":"投放的 Web Shells 5",
"Ping in Hexadecimal": "十六进制 Ping",
"Windows Subsystem For Linux": "Windows 的 Linux 子系统",
"ntdsutil credential": "ntdsutil 凭证转储",
"Network Sniffing tool Detected": "检测到网络嗅探工具",
"Credential Dumping Via vaultcli.dll": "通过cli.dll 进行凭证转储",
"Auditpol System Audit Policy Change - Should be set via group policy instead": "Auditpol 系统审核策略更改 - 应通过组策略设置",
"log Security Descriptor Modification": "事件日志安全描述符修改",
"Vulnerable Driver Detected": "检测到漏洞驱动程序",
"EFSPotato Named Pipe Detection": "SPotato 命名管道检测",
"Disabling of cmdline Event Logging": "禁用 cmdline 事件日志记录",
"Emotet Command Line detection": "Emotet 命令检测",
"Credential Dumping Command": "凭证转储命令",
"CMSTP UAC Bypass Detected 2": "检测到 CMSTP UAC 绕过2",
"Detect Windows Defender Exclusion Processes Changes": "检测 Windows Defender 排除进程更改",
"Powershell Encoded Offsets": "Powershell 编码偏移",
"Generic Ransomware Detection": "通用勒索软件检测",
"Driver Altitude Change Detected - Causes Driver load failure on boot": "检测到驱动程序高度更改 - 导致启动时驱动程序加载失败",
"Account Manipulation": "账户操作",
"Suspicious Parent process of spoolsv": "spoolsv 的可疑父进程",
"Possible s3browser Exfiltration": "可能的 s3browser 数据泄露",
"Certutil file transfer": "Certutil 文件传输",
"Mavinject Dropping Executables": "Mavinject 投放可执行文件",
"Sysmon Tampering Tools Detected": "检测到 Sysmon 篡改工具",
"BitsAdmin File Transfers": "BitsAdmin 文件传输",
"Nessus Scan Detected": "检测到 Nessus 扫描",
"netsh ipv6 modification": "netsh ipv6 修改",
"Diskshadow Execution": "Diskshadow 执行",
"extrac32 Ingress Tool Transfer": "extrac32 入口工具传输",
"Service added via SC": "通过 SC 添加服务",
"Credential Dumping": "凭证转储",
"Winrar Renamed": "Winrar 重命名",
"Powershell Compress-Archive": "Powershell 压缩归档",
"SysmonEnte Detection": "SysmonEnte 检测",
"Disabling of Powershell Event Logging": "禁用 Powershell 事件日志记录",
"Account Created": "账户创建",
"Localhost RDP Tunneling Detection": "本机 RDP 隧道检测",
"Other LOLBins Dropping Executables": "其他 LOLBins 投放可执行文件",
"Powershell Obfuscation Command": "Powershell 模糊命令",
"csexec Named Pipe Detection": "csexec 命名管道检测",
"Remote Tenable Malware Scan Detected": "检测到远程 Tenable 恶意软件扫描",
"NetNTLM downgrade attack": "NetNTLM 降级攻击",
"Powershell ran from cscript or wscript": "Powershell 从 cscript 或 wscript 运行",
"7z Renamed": "7z 重命名",
"Web Server Spawned cmd shell": "网络服务器生成的 cmd shell",
"Data Destruction with manage-bde.wsf": "使用 manage-bde.wsf 进行数据销毁",
"PSKill Execution": "PSKill 执行",
"Impacket PSExec.py Named Pipe Detected": "检测到 Impacket PSExec.py 命名管道",
"manage-bde.wsf exec": "manage-bde.wsf 执行",
"Account creation with dsmod": "使用 dsmod 创建账户",
"Windows Defender tampering": "Windows Defender 篡改",
"Possible wermgr injection": "可能的 wermgr 注入",
"Ransomware Hash Detection": "勒索软件哈希检测",
"Suspicious Parent process of consent/runtimebroke/tiworker": "consent/runtimebroke/tiworker 的可疑父进程",
"Detect Windows Defender Exclusion Path Changes": "检测 Windows Defender 排除路径更改",
"pcheap_reuse Named Pipe Detection": "pcheap_reuse 命名管道检测",
"Winzip Renamed": "Winzip 重命名",
"WCEServicePipe detected": "检测到 WCEServicePipe",
"Query.EXE Discovery": "Query.EXE 发现",
"Powershell Creating Executables": "Powershell 创建可执行文件",
"RegAsm Parent process": "RegAsm 父进程",
"Nessus Temp Files Created": "创建了 Nessus 临时文件",
"Vulnerable Dell Drivers Detected": "检测到漏洞 Dell 驱动程序",
"Kaodic credential access detected": "检测到 Kaodic 凭证访问",
"Suspicious Code Page Switch": "可疑的代码页切换",
"WMIC Account Discovery": "WMIC 账户发现",
"Exploiting SetupComplete.cmd": "利用 SetupComplete.cmd",
"Adobe Exploitation Detection": "检测到 Adobe 漏洞利用",
"Testing advpack exec": "测试 advpack 执行",
"Suspicious Parent process of wmiprvse/wsmprovhost/winrshost": "wmiprvse/wsmprovhost/winrshost 的可疑父进程",
"Services: New System Service: Interactive": "服务：新系统服务：互动",
"All Office Macros Enabled!": "所有 Office 宏已启用！",
"Indirect Command Execution": "间接命令执行",
"Data Destruction with diskpart": "使用 diskpart 进行数据销毁",
"Emotet Command Line detection 3": "Emotet 命令行检测 3",
"MSHTA Network Connection": "MSHTA 网络连接",
"Office Macro Execution VBE6": "Office 宏执行 VBE6",
"Child process from schtasks": "来自 schtasks 的子进程",
"VNC Viewer": "VNC 查看器",
"Copy of SYSTEM Registry from vss shadow copy": "从 vss 阴影副本中复制 SYSTEM 注册表",
"IIS Dropping Ps1 file": "IIS 投放 Ps1 文件",
"Windows Credential Editor Detection": "检测到 Windows 凭证编辑器",
"Control Panel Dropping Executables": "控制面板投放可执行文件",
"MSDT Executed with Suspicious Parent": "MSDT 与可疑父进程一起执行",
"Command or consolehost Anomaly": "命令或控制台主机异常",
"SSH Connection with ssh.exe": "使用 ssh.exe 的 SSH 连接",
"Suspicious Parent process of csrss": "csrss 的可疑父进程",
"PromptOnSecureDesktop Disablement Detected": "检测到 PromptOnSecureDesktop 禁用",
"Desktop Central Remote Exploit": "Desktop Central 远程漏洞利用",
"Powershell Connection to github": "Powershell 连接到 github",
"Possible Ursniff Malware Detected": "检测到可能的 Ursniff 恶意软件",
"Web Shells Dropped 6": "投放的 Web Shells 6",
"Suspicious Execution Locations": "可疑的执行位置",
"User or Group Discovery": "用户或组发现",
"Browser Exploitation Detected": "检测到浏览器漏洞利用",
"MSBuild Calling useinit": "MSBuild 调用 useinit",
"Remote Shutdown with Psexec": "使用 Psexec 远程关机",
"LOLBins": "LOLBins",
"Common Base 64 encoded cmds": "常见的 Base64 编码命令",
"Kekeo Named Pipe Detection": "Kekeo 命名管道检测",
"paexec Named Pipe Detection": "paexec 命名管道检测",
"Abused Debug priviledge by Arbitrary Parent Process": "任意父进程滥用调试权限",
"Cobalt Strike PSexec dll copy detected": "检测到 Cobalt Strike PSexec dll 复制",
"Office Persistence Location": "Office 持久性位置",
"UAC Bypass": "UAC 绕过",
"Traceroute Remote System Discovery": "Traceroute 远程系统发现",
"netsh removing SSL Certificate": "netsh 移除 SSL 证书",
"Suspicious Parent of Csc.exe": "Csc.exe 的可疑父进程",
"Credential access with wmic shadow copy creation": "使用 wmic 阴影副本创建进行凭证访问",
"NBTSTAT Query": "NBTSTAT 查询",
"PCloud Cloud storage Exfiltration": "PCloud 云存储数据泄露",
"Pe File Detected within Unusual Location": "在异常位置检测到 Pe 文件",
"Suspicious Parent process of wininit": "wininit 的可疑父进程",
"Emotet Command Line detection 4": "Emotet 命令行检测 4",
"Obfuscated Hidden Powershell": "模糊隐藏的 Powershell",
"Rubeus Mimikatz Like Detection": "Rubeus 类似 Mimikatz 检测",
"Rundll32 Suspicious call by Ordinal": "Rundll32 被 Ordinal 可疑调用",
"Suspicious Cred Dumping Commands": "可疑的凭证转储命令",
"Register-cimprovider.exe": "Register-cimprovider.exe",
"Suspicious Child process of SearchProtocolHost/taskhost/csrss": "SearchProtocolHost/taskhost/csrss 的可疑子进程",
"Winget admin settings Tampering Detected": "检测到 Winget 管理设置篡改",
"Potential Ingress Tool Transfer and tool usage within suspicious folders": "潜在的入口工具传输及在可疑文件夹中的工具使用",
"Suspicious Obfuscation Character": "可疑的混淆字符",
"Suspicious Image loaded within Default or Public Directory": "在默认或公共目录中加载的可疑图像",
"Suspicious LanmanWorkstation Child Processes": "可疑的 LanmanWorkstation 子进程",
"AutoRun Keys": "自动运行键",
"invoke-shellcode": "调用 shellcode",
"ETWEnabled Env Tampering": "ETWEnabled 环境篡改",
"DSQuery.EXE Discovery": "DSQuery.EXE 发现",
"NTSVCS Execution": "NTSVCS 执行",
"IIS Log disablement": "IIS 日志禁用",
"S3browser detected": "检测到 S3browser",
"46a676ab7f179e511e30dd2dc41bd388 Named Pipe Detection": "46a676ab7f179e511e30dd2dc41bd388 命名管道检测",
"ADFind.exe Discovery": "ADFind.exe 发现",
"Suspicious Regsvr32 loading in Public User folder": "在公共用户文件夹中加载的可疑 Regsvr32",
"Security Settings via WMI": "通过 WMI 设置安全性",
"Snatch2 Ransomware Detected": "检测到 Snatch2 勒索软件",
"Generic Java keytool Exploit": "通用 Java keytool 漏洞利用",
"Rundll32 localserver Switch - check for com hijacks": "Rundll32 localserver 切换 - 检查 com 劫持",
"runscripthelper LOLBAS": "runscripthelper LOLBAS",
"9f81f59bc58452127884ce513865ed20 Named Pipe Detection": "9f81f59bc58452127884ce513865ed20 命名管道检测",
"IIS Dropping VBS file": "IIS 投放 VBS 文件",
"Malicious Reg Save Credential Dumping": "恶意 Reg Save 凭证转储",
"Ramnit Banker Malware": "Ramnit 银行恶意软件",
"Suspicious RDP Connection 3391": "可疑的 RDP 连接 3391",
"Possible SMBExec via Metasploit": "可能通过 Metasploit 进行 SMBExec",
"Potential Tor Hidden Service": "潜在的 Tor 隐藏服务",
"PurpleSharp Indicator": "PurpleSharp 指标",
"Obfuscated Suspicious or Malicious Commands": "混淆的可疑或恶意命令",
"MSBuild Calling RegAsm": "MSBuild 调用 RegAsm",
"Metasploit Detection": "Metasploit 检测",
"New Exchange Management Role could be used for email exfiltration": "新的 Exchange 管理角色可能被用于电子邮件数据泄露",
"Credential access with wmic esentutl": "使用 wmic esentutl 进行凭证访问",
"Generic Java Webapp Remote Exploit": "通用 Java Web 应用远程漏洞利用",
"Script:http Detected": "检测到 Script:http",
"CMSTP UAC Bypass Detected 1": "检测到 CMSTP UAC 绕过 1",
"Process Injection: injecting a 64-bit DLL into a 32-bit process": "进程注入：将 64 位 DLL 注入 32 位进程",
"Teamviewer Password Exposed in Plain Text 1": "Teamviewer 密码以纯文本形式暴露 1",
"COMPlus_ETWEnabled Env Tampering": "COMPlus_ETWEnabled 环境篡改",
"Cobalt Strike Named Pipe Detection 2": "Cobalt Strike 命名管道检测 2",
"Modification to WOW64 Per-Process Exploit Protection Mitigation Options": "对 WOW64 每进程漏洞保护缓解选项的修改",
"Possible disclosure with IIS appcmd": "可能通过 IIS appcmd 进行信息泄露",
"Command Ran over Admin Share": "通过 Admin Share 运行的命令",
"Trickbot": "Trickbot",
"MSIExec Network connection": "MSIExec 网络连接",
"7zip Priv Escalation Detection": "检测到 7zip 权限提升",
"netsh Firewall Rule Creation": "netsh 防火墙规则创建",
"Dark Halo Protected zip file creation": "Dark Halo 受保护的 zip 文件创建",
"FSUtil USN Journal Deletion": "FSUtil USN 日志删除",
"Advanced IP scanner Detected": "检测到 Advanced IP 扫描器",
"Service added via Powershell": "通过 Powershell 添加的服务",
"Suspicious Parent process of searchindexer": "searchindexer 的可疑父进程",
"LSASS Memory Dump": "LSASS 内存转储",
"Mavinject Process Injection": "Mavinject 进程注入",
"Arbitrary Shell Command Execution Via Settingcontent-Ms": "通过 Settingcontent-Ms 执行任意 shell 命令",
"FireEye/Fin6 Hacking tools": "FireEye/Fin6 黑客工具",
"MSHTA Execution": "MSHTA 执行",
"Powershell Suspicious or Malicious events": "Powershell 可疑或恶意事件",
"Suspicious Parent process of taskhost": "taskhost 的可疑父进程",
"CrackmapExec - Malicious Command Line events": "CrackmapExec - 恶意命令行事件",
"Suspicious scripting to dll commands": "可疑脚本到 dll 命令",
"Suspicious IIS Module Registration": "可疑的 IIS 模块注册",
"Eventlog Removal on Host": "主机上的事件日志移除",
"Domain User or Group Discovery": "域用户或组发现",
"esentutl Ingress Tool Transfer": "esentutl 入口工具传输",
"Telnet Connection": "Telnet 连接",
"Powershell Calling MSBuild": "Powershell 调用 MSBuild",
"Cobalt Strike Detected 3": "Cobalt Strike 检测到 3",
"Possible Hawkeye Keylogger Detected": "检测到可能的 Hawkeye 键盘记录器",
"User enumeration with qwinsta": "使用 qwinsta 进行用户枚举",
"Cobalt Strike Susp activity 1": "Cobalt Strike 可疑活动 1",
"UAC Disablement Detected": "检测到 UAC 禁用",
"Suspicious Parent process of winlog": "winlogon 的可疑父进程",
"SilentProcessExit Reporting Mode Enabled": "启用 SilentProcessExit 报告模式",
"Kerberos Ticket Disclosure with klist": "通过 k 泄露 Kerberos 票证",
"base64 encoded URL https or http offset": "Base64 编码的 URL https 或 http 偏移",
"Data Destruction with manage-bde.exe": "使用 manage-bde.exe 进行数据销毁",
"Turla HyperStack Named Pipe Detection": "Turla HyperStack 命名管道检测",
"Malicious Driver Detected": "检测到恶意驱动程序",
"Waitfor.exe Execution bypass": "Waitfor.exe 执行绕过",
"VBA Project Object Model Macro Settings": "VBA 项目模型宏设置",
"NBTStat DNS Lookup": "NBTStat DNS 查找",
"Service binpath modification": "服务 binpath 修改",
"Suspicious Console Host Execution Locations": "可疑控制台主机执行位置",
"Suspicious Parent process of dllhost": "dllhost 的可疑父进程",
"Exchange Exploitation UM Service File Creation": "Exchange 漏洞利用 UM 服务文件创建",
"Office Spawning exe within: User Home Dirs": "Office 在用户主目录中生成 exe",
"Network Detective System Scan Detected": "检测到 Network Detective 系统扫描",
"Block double extensions": "阻止双扩展名",
"AT.EXE Task Scheduler Network Connection": "AT.EXE 任务计划程序网络连接",
"Data Destruction with wmic shadowcopy delete Detected": "检测到使用 wmic shadowcopy delete 进行数据销毁",
"RagnarLocker Virtualbox files: susceptible to FP": "RagnarLocker Virtualbox 文件：易受误报影响",
"Change Winevt Event Access Permission Via Registry": "通过注册表更改 Winevt 事件访问权限",
"Ursniff Bank Malware": "Ursniff 银行恶意软件",
"Office Macro Execution VBE7": "Office 宏执行 VBE7",
"Credential Dumping from Memory indicator": "从内存中转储凭证的指示器",
"CMSTP UAC Bypass Detected 3": "检测到 CMSTP UAC 绕过 3",
"Credential Dumping from firefox": "从 firefox 转储凭证",
"Web Shells Dropped 4": "投放的 Web Shells 4",
"winspool.drv dropped": "投放了 winspool.drv",
"Double File Extension ":"双文件扩展名",
"Remote Thread Process debugging detected": "检测到远程线程进程调试",
"Suspicious or Malicious Command Line events": "可疑或恶意命令行事件",
"PWDump6 driver loaded": "加载了 PWDump6 驱动程序",
"Network connection from Windows\\security Folder": "来自 Windows\\security 文件夹的网络连接",
"Powershell ran from Scripting Utilities": "Powershell 从脚本实用程序运行",
"msdt via answer file": "通过答案文件的 msdt",
"Emotet Execution Detected": "检测到 Emotet 执行",
"Network connection in Windows Debug folder": "Windows Debug 文件夹中的网络连接",
"Hidden/SuperHidden File Folder created": "创建了隐藏/超级隐藏文件或文件夹",
"Process Discovery": "进程发现",
"Cyrillic Letter obfuscation": "西里尔字母混",
"SilentProcessExit Process Execution entry": "SilentProcessExit 进程执行条目",
"Ransomware detected tor library": "检测到勒索软件的 tor 库",
"Account": "账户发现",
"PowerSploit/Empire Persistence": "PowerSploit/Empire 持久性",
"Tor Detected": "检测到 Tor",
"Mega.co.nz Cloud Exfiltration":"Mega.co.nz 云数据泄露",
"netsh Firewall Rule Deletion": "netsh 防火墙规则删除",
"Process Termination in Recyclebin": "回收站中的进程终止",
"wwwroot Web Server Exploitation Detected": "检测到 wwwroot Web 服务器漏洞利用",
"Powershell RAW ping": "Powershell RAW ping",
"Odbcconf Dropping Executables": "Odbcconf 投可执行文件",
"Account creation with dsadd": "使用 dsadd 创建账户",
"ConsentPromptBehaviorAdmin Disablement Detected": "检测到 ConsentPromptBehaviorAdmin 禁用",
"Mavin detected": "检测到 Mavinject",
"Potential Malicious Document Execution": "潜在的恶意文档执行",
"regsvr32.exe Executed via WMI": "通过MI 执行 regsvr32.exe",
"Dark Halo Software location": "Dark Halo 软件位置",
"PE File Detected under Unusual File extension": "在异常文件扩展名下检测到 文件",
"WINRS remote shell execution": "WINRS 远程 shell 执行",
"JAVA DLL exec": "JAVA DLL 执行",
"Mimikatz driver loaded": "加载了imikatz 驱动程序",
"Suspicious Rundll32 loading in Appdata Temp": "在 Appdata Temp 中加载的可疑 Rundll32",
"Windows-Credential Editor Detection": "Windows证编辑器检测",
"UEFI Rootkit detection": "UEFI Rootkit 检测",
"Suspicious RDP Connection 3389": "可疑的 RDP 连接 9",
"lateral movement -meterpreter named pipe detected": "横向移动 - 检测到 meterpreter 命名管道",
"Rclone detected": "检测到 Rclone",
"Services: System Service: Own Process": "服务：新系统服务：Own 进程",
"Antivirus/edr/siem Discovery": "防病毒/EDR/SIEM ",
"IIS powershellcustomhost exec": "IIS powershellcustomhost 执行",
"Steal or Forge Kerberos Tickets": "窃取或伪造 Kerberos 票证",
"IIS Server Exploitation Detected": "检测到 IIS Web 服务器漏洞利用",
"InstallUtil Dropping Executables": "InstallUtil 投放可执行文件",
"Suspicious Console Host":"可疑的控制台主机子进程",
"Cobalt Strike named pipe detected": "检测到 Cobalt Strike 命名管道",
"Dynamic DNS Connection": "动态 DNS 连接",
" Access with vss shadow copy": "使用 vss 阴影副本进行凭证访问",
"Command Line Obfuscation": "命令行混淆",
"PSexec SYSTEM": "PSexec SYSTEM 执行",
"CMSTPLUA UAC Bypass Child Processes": "CMSTPLUA UAC 绕过子进程",
"Kali Windows Subsystem For Linux":"Kali Windows Subsystem For Linux",
"Tor2Web": "Tor2Web",
"Credential Dumping Command Mimikatz": "凭证转储命令 Mimikatz",
"Vable Driver Loaded": "加载了漏洞驱动程序",
"Common Files of CrackMapExec": "CrackMapExec 的常见文件",
"Suspicious Set Value of MSDT in Registry:walk/follina": "注册表中 MSDT 的可疑设置值：Dogwalk/follina",
"QWinsta User enumeration": "QWinsta 用户枚举"
}