{
    "SSH Port": "SSH 端口",
    "Notifications for all macros": "所有宏的通知",
    "Sysmon Config Hash Modification Monitoring": "Sysmon 配置哈希修改监控",
    "Detect Security Provider Changes": "检测安全提供程序更改",
    "Office clr.dll Load": "Office clr.dll 加载",
    "Monitor Firewall Enablement or Disablement": "监控防火墙启用或禁用",
    "Mimikatz Cred Dumping": "Mimikatz 凭证转储",
    "Outlook Attachments Executed pfd attachment": "Outlook 附件执行 pfd 附件",
    "Gzip Archive": "Gzip 压缩文件",
    "Detect New Composite Device": "检测新组合设备",
    "Microsoft:dotNet: Executed by cvtres.exe": "Microsoft:dotNet: 由 cvtres.exe 执行",
    "AutoStart on Connect": "连接时自动启动",
    "Services: Service Group Order Modifications": "服务: 服务组顺序修改",
    "Security Center Disable UAC Notify Monitoring": "安全中心禁用 UAC 通知监控",
    "TS Farm Drain Mode Modification Detection": "TS 农场排水模式修改检测",
    "PIF Scripting": "PIF 脚本",
    "Detect New Bluetooth Device": "检测新蓝牙设备",
    "Legacy Office files": "旧版 Office 文件",
    "Download TLD DNS Query": "下载 TLD DNS 查询",
    "DNS Over HTTPS": "通过 HTTPS 的 DNS",
    "Signed Global Assembly Cache Load": "签名的全局程序集缓存加载",
    "Unicode Replacement Character in Registry key": "注册表键中的 Unicode 替换字符",
    "SettingContent-ms": "SettingContent-ms",
    "Icon Service Lib": "图标服务库",
    "Office Test Autorun Location Monitoring": "Office 测试自动运行位置监控",
    ".Net Framework executables": ".Net 框架可执行文件",
    "Internet Chat": "互联网聊天",
    "Environment Value Modification": "环境值修改",
    "Services: Monitor Driver DisplayName": "服务: 监控驱动程序显示名称",
    ".A Archive": ".A 压缩文件",
    "ISO Archive": "ISO 压缩文件",
    "Interactive Logon Detected": "检测到交互式登录",
    "Files Created from": "文件创建自",
    "Process Termination Events in Windows Directory": "Windows 目录中的进程终止事件",
    "VBE6 Macro Image Loads with wshom": "VBE6 宏图像随 wshom 加载",
    "AMSI Tamper Detection": "AMSI 篡改检测",
    "Driver Loaded in Users Directories": "用户目录中的驱动程序加载",
    "Detect System Certificate Modifications": "检测系统证书修改",
    "Detect IE Popup Blocker Changes": "检测 IE 弹出窗口阻止程序更改",
    "Network Connection modifications with netsh": "使用 netsh 的网络连接修改",
    "Scheduled Task Modified": "计划任务已修改",
    "File Extension Monitoring": "文件扩展名监控",
    "Windows Service DLL changes": "Windows 服务 DLL 更改",
    "Microsoft Excel Addins": "Microsoft Excel 加载项",
    "Automation NI DLL Loaded": "自动化 NI DLL 加载",
    "Monitor LSA Security Packages": "监控 LSA 安全包",
    "Process Spawned from Adobe Reader": "从 Adobe Reader 派生的进程",
    "Word Security Changes": "Word 安全更改",
    "Microsoft Outlook Addins": "Microsoft Outlook 加载项",
    "Monitor LSA Notification Packages": "监控 LSA 通知包",
    "plunk.exe 32bit imphash matched": "plunk.exe 32 位 imphash 匹配",
    "ZIP Archive": "ZIP 压缩文件",
    "Word Template": "Word 模板",
    "File Created with Remote Desktop Client": "使用远程桌面客户端创建的文件",
    "Windows Defender Real Time Protection Disablement Detection": "Windows Defender 实时保护禁检测",
    "File Dropped with WScript.exe": "使用 WScript.exe 创建的文件",
    "Monitor OS Config LSA Authentication Packages": "监控操作系统配置 LSA 认证包",
    "Installer Source Artifact": "安装程序源工件",
    "Cred Dumping": "凭证转储",
    "Suspicious RegisterXLL Commands": "可疑的 RegisterXLL 命令",
    "Task Manager Disablement Detection": "任务管理器禁用检测",
    "SVCHost Signed DLL": "SVCHost 签名的 DLL",
    "Rundll32 LSASS Credential dumping": "Rundll32 LSASS 凭证转储",
    "Excel": "Excel",
    "RunDLL32 Network Connection": "RunDLL32 网络连接",
    "Webex URL clicked": "点击 Webex URL",
    "Security Center Disablement of Update notifications": "安全中心禁用更新通知",
    "Internet Explorer Desktop Components": "Internet Explorer 桌面组件",
    "Crypto Trust Providers": "加密信任提供商",
    "LM or EXEC over atsvc named pipe": "LM 或 EXEC 通过 atsvc 命名管道",
    "Programdata Network Connection": "Programdata 网络连接",
    "WSL Locations": "WSL 位置",
    "Detected disablement of machine password": "检测到禁用机器密码",
    "DCOM: Shell.Application": "DCOM: Shell.Application",
    "Inbound Windows SVCHost Network Connection": "入站 Windows SVCHost 网络连接",
    "Automation DLL Loaded": "自动化 DLL 加载",
    "Group Policy Shutdown scripts": "组策略关机脚本",
    "route.exe discovery": "route.exe 发现",
    "SZ Archive": "SZ 压缩文件",
    "Suspicious Domain": "可疑域",
    "IPv6 Changes detected: Disabled Components": "检测到 IPv6 更改: 禁用组件",
    "Execution: Susp ManagedCode Host Process": "执行: 可疑托管代码主进程",
    "Ukraine TLD DNS Query": "乌克兰 TLD DNS 查询",
    "Link": "链接",
    "Detect IE Protected Mode Changes": "检测 IE 保护模式更改",
    "Windows Defender Application Control changes": "Windows Defender 应用程序控制更改",
    "Services: Monitor Driver Group": "服务: 监控驱动程序组",
    "Setup Network connectivity": "设置网络连接",
    "Lokibot Detection": "Lokibot 检测",
    "Suspicious In-Memory Module Execution 2": "可疑的内存模块执行 2",
    "Cryillic Character in Registry key": "注册表键中的西里尔字符",
    "SFX Archive": "SFX 压缩文件",
    "Python Execution": "Python 执行",
    "SLK file used for command execution": "用于命令执行的 SLK 文件",
    "CScript accessing another process memory": "CScript 访问另一个进程的内存",
    "Detect Authentication PLAP Provider Changes": "检测认证 PLAP 提供程序更改",
    "Services: New File System Driver": "服务: 新文件系统驱动程序",
    "Acrobat Reader Launches": "Acrobat Reader 启动",
    "Password Expiry Info": "密码过期信息",
    "Security Center AV Disabled Notifications": "安全中心 AV 禁用通知",
    "Terminal Services Initial Program Key": "终端服务初始程序键",
    "PssCaptureSnapShot": "PssCaptureSnapShot",
    "infDefaultInstall Network Connection": "infDefaultInstall 网络连接",
    "Outbound Windows SVCHost Network Connection": "出站 Windows SVCHost 网络连接",
    "New Executable File Detected Inside User Directory": "在用户目录中检测到新可执行文件",
    "Right to Left hidden Registry key": "从右到左隐藏的注册表键",
    "Batch scripting: Legacy btm Extension": "批处理脚本: 旧版 btm 扩展",
    "Club TLD DNS Query": "俱乐部 TLD DNS 查询",
    "Venezuela TLD DNS Query": "委内瑞拉 TLD DNS 查询",
    "Remote Desktop injection": "远程桌面注入",
    "Tor Port": "Tor 端口",
    "Recycle bin files created": "创建的回收站文件",
    "PAF": "PAF",
    "Mounted Device Detection": "挂载设备检测",
    "Java Script accessing another process memory": "Java 脚本访问另一个进程的内存",
    "WS Scripting": "WS 脚本",
    "Anonymous Named Pipe Detected": "检测到匿名命名管道",
    "DNS encryption enabled with netsh": "使用 netsh 启用 DNS密",
    "JAVA Network Connections": "JAVA 网络连接",
    "Last Logged on Provider modification": "最后登录提供程序修改",
    "Teamviewer Autostart Key modification": "Teamviewer启动键修改",
    "Suspicious Cmdline: RDP Port": "可疑的命令行: RDP 端口",
    "Monitor User Default File Associations":"监控用户默认文件关联",
    "Potential C3 Framework": "潜在的 C3 框架",
    "putty.exe 64bit imphash matched": "putty.exe 64 imphash 匹配",
    "Services: New or Updated Drivers": "服务: 新驱动程序或更新的驱动程序",
    "Potential Keylogger detected": "检测到在的键盘记录器",
    "7zip Archive": "7zip 压缩文件",
    "Sudan TLD DNS Query": "苏丹 TLD DNS 查询",
    "New theme: harvesting": "新主题: 凭证收集",
    "Eventlog Size Modification": "事件日志大小修改",
    "PHP Webserver": "PHP 网络服务器",
    "Detect AD Change": "检测 AD 域更改",
    "Explorer Shell Execute Hooks": "资源管理器 Shell 执行挂钩",
    "URL": "URL",
    "OneDrive Cloud Exfiltration": "OneDrive 云泄露",
    "ContextMenuHandlers": "ContextMenuHandlers",
    "Web Browser HTTPS Connections": "网络浏览器 HTTPS 连接",
    "Process Termination Events in Directory": "用户目录中的进程终止事件",
    "Python": "Python",
    "File Dropped with IronPython.exe": "使用 IronPython.exe 创建的文件",
    "Phell TXT Record exfiltration": "Powershell TXT 记录泄露",
    "Lanmanworkstation Parameters Registry Change Detected": "检测到 Lanmanworkstation 参数注册表更",
    "Services: Service Set for Deletion": "服务: 服务设置为删除",
    "User Account Added to Local Admin": "用户帐户添加到本地管理员",
    "Office Startup Generic": "Office 应用程序启动通用",
    "Teamviewer Unattended Session": "Teamviewer 无人值守会话",
    "Suspicious Location Registry Change Detected": "检测到可疑位置注册表更改",
    "Detect DNS Server Changes": "检测 DNS 服务器更改",
    "New Exe file dropped to C:\\Windows\\System32":"新 exe 文件放入 C:\\Windows\\System32",
    "WMI Shell artifacts": "WMI Shell 工件",
    "Powerpoint Macro": "Powerpoint 宏",
    "rwa": "rwinsta",
    "LSASS process access by LaZagne": "LaZagne 访问 LSASS 进程",
    "Outbound Non-System port 389 LDAP connections":"出站非系统端口 389 LDAP 连接",
    "CMSTP UAC Bypass": "CMSTP UAC 绕过",
    "Outlook Attachments Executed p attachment 2": "Outlook 附件执行 pfd 附件 2",
    "File Dropped to Exchange OWA: Webshell": "文件放入 Exchange OWA: Webshell",
    "Detect DHCP IP Address": "检测 DHCP IP 地址",
    "Screenconnect Hostname Lookup": "Screenconnect 主机名查询",
    "DCOM: MMC20.APPLICATION": "DCOM20.APPLICATION",
    "SVCHost loading Unsigned DLL": "SVCHost 加载未签名的 DLL",
    "Detect LSA Credential Provider Changes": "检测 LSA 凭证提供程序改",
    "Execution - Suspicious Cmdline - JScript Engine CLSID": "执行 - 可疑命令行 - JScript 引擎 CLSID",
    "Certificate": "书",
    "net.exe nework connection": "net.exe 网络连接",
    "Detect Windows Defender Policy Changes": "检测 Windows Defender 策略更改",
    "User Account Added to Remote Desktop Group": "用户帐户添加到远程桌面用户组",
    "Bitsadmin Connecting to network": "Bitsadmin 连接到网络",
    "Powershell Registry Modifications":"owershell 注册表修改",
    "Data Destruction with erase Detected": "检测到使用 erase 的数据销毁",
    "Process Termination Events in ProgramData Directory": "ProgramData 中的进程终止事件",
    "Possible Lateral Movmt via Office Application": "可能通过 Office 应用程序横向移动",
    "File Dropped with python.exe":"使用 python.exe 创建的文件",
    "Detect Legacy Drivers Loaded": "检测已加载的旧版驱动程序",
    "DC Global Catalog Lookup": "DC 全局目录查询",
    "Detectedifications of Console Tracing": "检测到控制台跟踪的修改",
    "Super Hidden File Explorer Setting modification": "超级隐藏文件资源管理器设置修改",
    "Process Tr Modifications": "进程跟踪修改",
    "Interesting Command Line Events": "有趣的命令行事件",
    "Netcat network connection Detected": "检测到 Netcat 网络",
    "Route Modification": "路由修改",
    "Outlook Macro Execution": "Outlook 宏执行",
    "Finfisher Sideload Detection": "Finfisher 旁检测",
    "Word Perfect": "Word Perfect",
    "Icon": "图标",
    "Regedit Registry Deletions": "Regedit 注册表删除",
    "Monitor Secure Channel Protection": "监控安全通道保护更改",
    "Services: New Kernel Device Driver": "服务: 新内核设备驱动程序",
    "Windows Explorer Network Connection": "Windows资源管理器网络连接",
    "OneDrive API Lookup": "OneDrive API 查询",
    "Webdav Share Mounted": "挂载的 Webdav 共享",
    "DCOM: Word": "DCOM: Word.Application",
    "Persistence: PowerShell default profile": "持久性: PowerShell 默认配置文件",
    "Network connection within Media Folder": "媒体文件夹网络连接",
    "Security Center Tampering: All Alerts Disabled": "安全中心篡改: 所有警报已禁用",
    "Malware IP Check": "恶意软件 IP 检",
    "Sideload Detection": "旁加载检测",
    "Port: 0": "端口: 0",
    "Equation editor loading itself": "方程编辑器自加载",
    "Msiexec.exe DllRegisterServer execution": "Msiexec.exe DllRegisterServer 执行",
    "Suspicious Cmdline: Schtasks": "可疑命令行: Schtasks",
    "CAB Archive": "CAB 压缩文件",
    "CFT LangBarAddin": "CFT 语言栏加载项",
    "ARC Archive": "ARC 压缩文件",
    "VBE7 Macro Image Loads with wshom": "VBE7 宏图像与 wshom 一起加载",
    "Manifest File Crated": "清单文件创建",
    "Windows Subsystem For Linux": "适用于 Linux 的 Windows 子系统",
    "Batch scripting: Legacy com Extension": "批处理脚本: 旧版 com 扩展",
    "TOR Port": "TOR 端口",
    "WSHellExec": "WSHellExec",
    "Suspicious TLD .xn DNS Query": "可疑的 TLD .xn DNS 查询",
    "MSTSC Remote Desktop Connection": "MSTSC 远程桌面连接",
    "Group Policy Script File Dropped": "组策略脚本文件被放置",
    "File Dropped with cscript.exe": "使用 cscript.exe 放置的文件",
    "Outlook Attachments Executed iso attachment": "执行 Outlook 附件 iso 附件",
    "Services: Monitor Driver ObjectName: User Service Runs as": "服务: 监控驱动程序 ObjectName: 用户服务运行为",
    "Possible Email Collection/Exfiltration: .PST Created": "可能的电子邮件收集/泄露: 创建 .PST",
    "Notifications for digitally signed macros - all other macros disabled": "数字签名宏的通知 - 所有其他宏已禁用",
    "Copy CON Command Line Redirection": "复制 CON 命令行重定向",
    "Undocumented LSASS DLL Loading": "未记录的 LSASS DLL 加载",
    "Office Application Startup modification": "Office 应用程序启动修改",
    "Outlook Execution to UNC File Path": "Outlook 执行到 UNC 文件路径",
    "Files dropped in Exchange RPC directory": "文件放置在 Exchange RPC 目录中",
    "Enabling of Windows Event Log Source": "启用 Windows 事件日志源",
    "Monitor LSA Authentication Packages": "监控 LSA 身份验证包",
    "Powershell file types": "Powershell 文件类型",
    "Last Failed Logon": "最后一次失败的登录",
    "Detect: UAC Bypass": "检测: UAC 绕过",
    "Powershell Registry Deletions": "Powershell 注册表删除",
    "vbs script created": "创建 vbs 脚本",
    "Outlook Attachments Executed iso attachment 2": "执行 Outlook 附件 iso 附件 2",
    "Suspicious RouteTheCall Commands": "可疑的 RouteTheCall 命令",
    "Remote Thread Injection Targetting Web Browser": "针对 Web 浏览器的远程线程注入",
    "Alternate Shell AvailableShells Hijack": "备用 Shell AvailableShells 劫持",
    "Remote Registry access and enumeration": "远程注册表访问和枚举",
    "Permission Modifications with icacls or cacls": "使用 icacls 或 cacls 修改权限",
    "Suspicious FileProtocolHandler Commands": "可疑的 FileProtocolHandler 命令",
    "DNS Query to Github": "对 Github 的 DNS 查询",
    "Op cell phone: https://www.cybereason.com/blog/operation-soft-cell-a-worldwide-campaign-against-telecommunications-providers": "手机操作: https://www.cybereason.com/blog/operation-soft-cell-a-worldwide-campaign-against-telecommunications-providers",
    "REG Registry Deletions": "REG 注册表删除",
    "Windows Error Dumps": "Windows 错误转储",
    "Execution from 7z Archive File": "从 7z 压缩文件执行",
    "Network Connection Discovery with netsh": "使用 netsh 发现网络连接",
    "Credentials in Registry: Domain": "注册表中的凭据: 域",
    "Windows Remote Management connection": "Windows 远程管理连接",
    "Monitor COM Hijacking": "监控 COM 劫持",
    "MSIExec Dropping Executables": "MSIExec 放置可执行文件",
    "Bash on Windows Execution": "在 Windows 上执行 Bash",
    "Windows Shell Scrap Object Handler File": "Windows Shell 碎片对象处理程序文件",
    "Bitlocker Drive Encryption Enabled on System Drive": "系统驱动器上启用 Bitlocker 驱动器加密",
    "All Office Macros Disabled without notification": "所有 Office 宏已禁用，无通知",
    "Hidden New user created": "创建隐藏的新用户",
    "Antivirus Registry Moninitoring": "防病毒注册表监控",
    "Detect Changes to Internet Explorer Toolbars": "检测 Internet Explorer 工具栏的更改",
    "Suspicious files within Content.IE5": "Content.IE5 中的可疑文件",
    "BootVerificationProgram Autorun": "BootVerificationProgram 自动运行",
    "Powershell Remoting": "Powershell 远程处理",
    "RDP History": "RDP 历史",
    "VSS Shadow file Created": "创建 VSS 影子文件",
    "KnownDLLs": "已知 DLL",
    "Recent Office Files": "最近的 Office 文件",
    "infDefaultInstall": "infDefaultInstall",
    "Executable file": "可执行文件",
    "VisualBasicScripting": "Visual Basic 脚本",
    "Services: Service Start Mode Changed to: Automatic": "服务: 服务启动模式更改为: 自动",
    "Windows Shell Hijack: CopyHookHandlers": "Windows Shell 劫持: CopyHookHandlers",
    "Shadow Network Connection": "影子网络连接",
    "Windows Registry Database": "Windows 注册表数据库",
    "Font Drivers": "字体驱动程序",
    "RAR Archive Extraction": "RAR 压缩文件提取",
    "User added Macro document to Trusted Records": "用户将宏文档添加到受信任记录",
    "Suspicious javascript Commands": "可疑的 JavaScript 命令",
    "Enablement of Multiple RDP Sessions": "启用多个 RDP 会话",
    "LSASS Credential dumping": "LSASS 凭据转储",
    "Services: Service Start Mode Changed to: Boot": "服务: 服务启动模式更改为: 引导",
    "Detect IE Security Setting Check Warning Changes": "检测 IE 安全设置检查警告更改",
    "Detect DHCP Subnet mask Change": "检测 DHCP 子网掩码更改",
    "Detect Subnet Mask Change": "检测子网掩码更改",
    "Office taskschd.dll Load": "Office taskschd.dll 加载",
    "Putty utility detected": "检测到 Putty 实用程序",
    "Office Keys: Monitor Disabling of attachments in Protected View": "Office 键: 监控在受保护视图中禁用附件",
    "Windows Shell Hijack: ShellServiceObjectDelayLoad": "Windows Shell 劫持: ShellServiceObjectDelayLoad",
    "New bat file dropped to C:\\Windows\\": "新的 bat 文件放置到 C:\\Windows\\",
    "User Last Password Changed": "用户最后更改密码",
    "merlin CnC exfiltration detected 4": "检测到 merlin CnC 泄露 4",
    "Suspicious TLD .PW DNS Query": "可疑的 TLD .PW DNS 查询",
    "Detect Winsock Catalog Changes": "检测 Winsock 目录更改",
    "Suspicious pipe via commandline": "通过命令行的可疑管道",
    "UNC\\Device Launches - Parent Image begins with \\": "UNC\\Device 启动 - 父图像以 \\ 开头",
    "Windows Shell Hijack: ColumnHandlers": "Windows Shell 劫持: ColumnHandlers",
    "XLL Office Application Startup": "XLL Office 应用程序启动",
    "Shodan.IO DNS Query": "Shodan.IO DNS 查询",
    "Remote Registry Activity": "远程注册表活动",
    "Powershell Console History": "Powershell 控制台历史",
    "User Account Deleted": "用户帐户已删除",
    "Security Center Firewall Override Monitoring": "安全中心防火墙覆盖监控",
    "Asterisk Classes": "星号类",
    "L2TP": "L2TP",
    "Microsoft Word Addins": "Microsoft Word 加载项",
    "VNC": "VNC",
    "Crypt API Usage": "Crypt API 使用",
    "New Executable File Detected Outside Windows Directory": "在 Windows 目录外检测到新的可执行文件",
    "Mofcomp execution or persistence": "Mofcomp 执行或持久性",
    "DCOM Launch": "DCOM 启动",
    "Suspicious OpenURL Commands": "可疑的 OpenURL 命令",
    "TreatAs/ProgID Friendly Name Com Hijacking Evasion - check for following rundll32 -sta": "TreatAs/ProgID 友好名称 Com 劫持规避 - 检查以下 rundll32 -sta",
    "Screen Save on Desktop": "桌面上的屏幕保存",
    "Chrome extension auditing": "Chrome 扩展审计",
    "Printer Exploitation Detected": "检测到打印机利用",
    "New Executable File Detected in Windows Directory": "在 Windows 目录中检测到新的可执行文件",
    "Social Networking": "社交网络",
    "Process Termination in Temp Folder": "临时文件夹中的进程终止",
    "ScanHub DNS Query": "ScanHub DNS 查询",
    "Encrypted JScript File type": "加密的 JScript 文件类型",
    "Suspicious TLD .ninja DNS Query": "可疑的 TLD .ninja DNS 查询",
    "Suspicious In-Memory Module Execution 1": "可疑的内存中模块执行 1",
    "ETW Tampering": "ETW 篡改",
    "Detect Changes to Internet Explorer Extensions": "检测 Internet Explorer 扩展的更改",
    "Primary DC Lookup": "主 DC 查找",
    "File Dropped to shadow copy": "文件放置到影子复制",
    "DLL Image Load by System in Suspicious Locations": "系统在可疑位置加载 DLL 映像",
    "Dropbox Cloud Exfiltration": "Dropbox 云泄露",
    "Linux tools installed on windows": "在 Windows 上安装的 Linux 工具",
    "Process access with dbghelp": "使用 dbghelp 访问进程",
    "Powershell accessing another process memory": "Powershell 访问另一个进程内存",
    "Dwm Exploitation": "Dwm 利用",
    "Detect Windows Defender Tamper Protection Modifications": "检测 Windows Defender 篡改保护修改",
    "Suspicious LDAP Lookup - Useful for identifying tools like sharphound": "可疑的 LDAP 查找 - 用于识别如 sharphound 等工具",
    "Possible Email Collection/Exfiltration: .OST Created": "可能的电子邮件收集/泄露: 创建 .OST",
    "DCOM: Visio.Application": "DCOM: Visio.Application",
    "DCOM: Excel.Application": "DCOM: Excel.Application",
    "Scheduled Task Creation ID Key": "计划任务创建 ID 键",
    "Clipboard Usage Detected": "检测到剪贴板使用",
    "Execution: Susp ManagedCode Winrm Host Process": "执行: 可疑的 ManagedCode Winrm 主机进程",
    "MiniDumpWriteDump": "MiniDumpWriteDump",
    "control panel execution": "控制面板执行",
    "Remote Desktop fDenyTSConnections modification": "远程桌面 fDenyTSConnections 修改",
    "Remote Desktop Settings keys": "远程桌面设置键",
    "Processor ARCH command Line": "处理器 ARCH 命令行",
    "Service Listening Ports with URL ACL INFO": "具有 URL ACL 信息的服务监听端口",
    "China TLD DNS Query": "中国 TLD DNS 查询",
    "Files dropped in Exchange ecp directory": "文件放置在 Exchange ecp 目录中",
    "Batch File Created": "创建批处理文件",
    "Remote Driver Querying": "远程驱动程序查询",
    "LOLbin": "LOLbin",
    "Detect AppPaths Hijacking": "检测 AppPaths 劫持",
    "File Extension Mapping": "文件扩展名映射",
    "Process Termination in System Profile": "系统配置文件中的进程终止",
    "Group Policy Scripts": "组策略脚本",
    "TAR Archive": "TAR 压缩文件",
    "Driver": "驱动程序",
    "Services: Monitor Driver ErrorControl": "服务: 监控驱动程序错误控制",
    "Files dropped in Exchange OWA directory": "文件放置在 Exchange OWA 目录中",
    "Remote Assistance Connection": "远程协助连接",
    "Forced password reset detected": "检测到强制密码重置",
    "Detect: Dns Server dll injection": "检测: DNS 服务器 DLL 注入",
    "Printer Expoit": "打印机利用",
    "VBE6 Macro Image Loads with wmi": "VBE6 宏图像与 wmi 一起加载",
    "Detected IE Proxy setting modifications": "检测到 IE 代理设置修改",
    "Shell Service Object Delay Load": "Shell 服务对象延迟加载",
    "Microsoft VSTO Solution Metadata": "Microsoft VSTO 解决方案元数据",
    "detect cls in batch scripts": "在批处理脚本中检测 cls",
    "LSASS Access": "LSASS 访问",
    "RTF files often 0day malware vectors when opened by Office": "RTF 文件在被 Office 打开时常常是 0day 恶意软件的载体",
    "Microsoft Application Virtualization Injector": "Microsoft 应用程序虚拟化注入器",
    "Alternative Shell Policy": "替代 Shell 策略",
    "Monitor Common Masquarading Locations": "监控常见的伪装位置",
    "Wscript Internet Access library Loads 2": "Wscript 互联网访问库加载 2",
    "Interesting Files temp locations": "有趣的临时文件位置",
    "File Dropped with wmic.exe": "使用 wmic.exe 放置的文件",
    "InstallerFileTakeOver": "安装程序文件接管",
    "Python DLL Loaded": "Python DLL 已加载",
    "CurrentVersion URL Key": "当前版本 URL 键",
    "CurrentVersion Shell Keys": "当前版本 Shell 键",
    "directory structure disclosure": "目录结构泄露",
    "Detect ACPI Rootkits": "检测 ACPI Rootkits",
    "Software Installed or Modify String modified": "软件安装或修改字符串已修改",
    "AllFileSystemObjects Classes": "所有文件系统对象类",
    "Explorer Command": "资源管理器命令",
    "Powershell directory modifications": "Powershell 目录修改",
    "Internet settings": "互联网设置",
    "Process Tampering Detected": "检测到进程篡改",
    "Printer Spooler Created exe file": "打印机后台程序创建 exe 文件",
    "Process Spawned from JAVA": "从 JAVA 派生的进程",
    "Gpupdate Launched": "启动 Gpupdate",
    "Revoked Signature Driver Loaded": "已加载吊销签名的驱动程序",
    "Execution from \\\\tsclient share": "从 \\\\tsclient 共享执行",
    "Suspicious Cmdline: MsAccess MACRO Exec": "可疑命令行: MsAccess 宏执行",
    "DSQuery network connection": "DSQuery 网络连接",
    "Installed Components": "已安装的组件",
    "HTTP": "HTTP",
    "Outlook Attachments Executed suspicious html attachment": "Outlook 附件执行可疑的 html 附件",
    "Network Connection from Default User folder": "从默认用户文件夹的网络连接",
    "Globally Opened Firewall port exceptions": "全局打开的防火墙端口例外",
    "Chrome Extensions": "Chrome 扩展",
    "Teamviewer persistence Key modification": "Teamviewer 持久性键修改",
    "IIS Child Processes": "IIS 子进程",
    "VBE7 Macro Image Loads with wmi": "VBE7 宏图像与 wmi 一起加载",
    "ResearchScan Network Connection": "研究扫描网络连接",
    "Outlook Link Clicks": "Outlook 链接点击",
    "Mimikatz through Windows Remote Management": "通过 Windows 远程管理的 Mimikatz",
    "Service Command Line parameters": "服务命令行参数",
    "Suspicious TLD .WEBSITE DNS Query": "可疑的 TLD .WEBSITE DNS 查询",
    "Internet Relay Chat": "互联网中继聊天",
    "Microsoft VSTO Inclusions": "Microsoft VSTO 包含",
    "Monitor Endpoint File Associations": "监控终端文件关联",
    "Windows Shell Hijack: ExtShellFolderView": "Windows Shell 劫持: ExtShellFolderView",
    "NetSH PortProxy Detected": "检测到 NetSH PortProxy",
    "Type CON Command Line Redirection": "类型 CON 命令行重定向",
    "Certutil Connecting to network": "Certutil 连接到网络",
    "Service Stop detected": "检测到服务停止",
    "Control Panel network connection": "控制面板网络连接",
    "Executing Powershell": "执行 Powershell",
    "7zip Archive Extraction": "7zip 压缩文件提取",
    "ResearchScan DNS Query": "研究扫描 DNS 查询",
    "Detected IE Legacy setting modifications": "检测到 IE 旧版设置修改",
    "Minidump Crash dump created": "创建 Minidump 崩溃转储",
    "CMSTPLUA UAC Bypass": "CMSTPLUA UAC 绕过",
    "InstallUtil 1": "InstallUtil 1",
    "Detect IE Scripting Mode in Internet Zone Changes": "检测 Internet 区域中 IE 脚本模式的更改",
    "Syria TLD DNS Query": "叙利亚 TLD DNS 查询",
    "Remote Desktop": "远程桌面",
    "Java JRE Timestamp usage for DFIR": "Java JRE 时间戳用于 DFIR",
    "Detect Default Gateway": "检测默认网关",
    "NET.EXE Service Start detected": "检测到 NET.EXE 服务启动",
    "Vault7 file": "Vault7 文件",
    "Possible Memory Dump": "可能的内存转储",
    "System Network Connections Discovery": "系统网络连接发现",
    "Programdata Image Loading exe Image from Programdata": "从 Programdata 加载 Programdata 图像的 exe 图像",
    "Network Card Changes detected": "检测到网卡更改",
    "Inbound LDAP Connections": "入站 LDAP 连接",
    "ACE Archive": "ACE 压缩文件",
    "New Executable File Detected in System32": "在 System32 中检测到新的可执行文件",
    "Scheduled Task Creation Author Key": "计划任务创建作者键",
    "Russian TLD DNS Query": "俄罗斯 TLD DNS 查询",
    "Suspicious TLD .ICU DNS Query": "可疑的 TLD .ICU DNS 查询",
    "Services: Service Start Mode Changed to: Disabled": "服务: 服务启动模式更改为: 已禁用",
    "Detect Event log system integrity and ACL Modifications": "检测事件日志系统完整性和 ACL 修改",
    "Apache Webserver": "Apache 网络服务器",
    "SVCHost Processes": "SVCHost 进程",
    "Connection to Github": "连接到 Github",
    "Screensaver file created": "创建屏幕保护程序文件",
    "Detect DHCP Default Gateway": "检测 DHCP 默认网关",
    "Command Line task kill 2": "命令行任务终止 2",
    "Dropbox Download Detected": "检测到 Dropbox 下载",
    "MSBuild Source Files created": "创建 MSBuild 源文件",
    "Remote Desktop port modification": "远程桌面端口修改",
    "Zoom: passwordless meeting Start": "Zoom: 无密码会议开始",
    "Unsigned Driver Loaded": "已加载未签名的驱动程序",
    "VNC Port": "VNC 端口",
    "Dotnet Debugging detected": "检测到 Dotnet 调试",
    "Refuse PW Change for workstations": "拒绝工作站的密码更改",
    "Cryptography OID Key": "加密 OID 键",
    "Remote Desktop Connection": "远程桌面连接",
    "WSC Scripting": "WSC 脚本",
    "Execution from Explorer Archive File": "从资源管理器压缩文件执行",
    "SharedTaskScheduler": "共享任务调度程序",
    "IRAN TLD DNS Query": "伊朗 TLD DNS 查询",
    "Temp file location network connection": "临时文件位置网络连接",
    "Revoked Signature Libraries Loaded": "已加载吊销签名的库",
    "Word": "Word",
    "Detect Network profile Changes": "检测网络配置文件更改",
    "Outlook EML": "Outlook EML",
    "Group Policy interity Detection": "组策略完整性检测",
    "Windows Installer Engaged": "Windows 安装程序启动",
    "Office Security Settings: Monitor changes of security prompts": "Office 安全设置: 监控安全提示的更改",
    "Monitor logoncli.dll dll loads for injection - potential qbot activity": "监控 logoncli.dll dll 加载以防注入 - 潜在的 qbot 活动",
    "DCOM: Background Intelligent Transfer Control Class 1.0": "DCOM: 后台智能传输控制类 1.0",
    "Driver INF": "驱动程序 INF",
    "Services: Monitor Driver Owners: Correlation to Amcache": "服务: 监控驱动程序所有者: 与 Amcache 的相关性",
    "Office App Creating Exe File": "Office 应用程序创建 Exe 文件",
    "UNC Path Image Loaded": "加载 UNC 路径图像",
    "Application Shimming": "应用程序兼容性修复",
    "Windows SMTP Server": "Windows SMTP 服务器",
    "Services: Services and autoruns imagepath": "服务: 服务和自动运行的图像路径",
    "TS Farm Disable RDP Detection": "TS 农场禁用 RDP 检测",
    "LSASS process access by Mimikatz": "Mimikatz 访问 LSASS 进程",
    "Monitor Endpoint Protocol Handlers": "监控终端协议处理程序",
    "Credential Manager DLL Loaded": "已加载凭据管理器 DLL",
    "Expired Signature Libraries Loaded": "已加载过期签名的库",
    "Interesting Installutil DLL Loads": "有趣的 Installutil DLL 加载",
    "Suspicious TSClient share file creation": "可疑的 TSClient 共享文件创建",
    "Registry file": "注册表文件",
    "Execution from within Zip File": "从 Zip 文件内执行",
    "Outlook Profile Artifacts": "Outlook 配置文件工件",
    "Driver File Dropped": "放置驱动程序文件",
    "Microsoft IIS Webserver": "Microsoft IIS 网络服务器",
    "Unknown Signature Driver Loaded": "已加载未知签名的驱动程序",
    "cmstp": "cmstp",
    "Detect Winsock Changes": "检测 Winsock 更改",
    "Detect Terminal Services BoobyTraps": "检测终端服务陷阱",
    "File Created by rundll32": "由 rundll32 创建的文件",
    "BIN file created": "创建 BIN 文件",
    "Memory dump": "内存转储",
    "WMI taskschd.dll Load": "WMI taskschd.dll 加载",
    "VSS Disablement Detection": "VSS 禁用检测",
    "Powershell Creating Files": "Powershell 创建文件",
    "CHM Filetype": "CHM 文件类型",
    "Monitor Remote Registry Setting Keys": "监控远程注册表设置键",
    "Census Network Connection": "人口普查网络连接",
    "Click TLD DNS Query": "点击 TLD DNS 查询",
    "Execution - Unusual Scripting Engine in use - chakra.dll": "执行 - 使用不常见的脚本引擎 - chakra.dll",
    "Services: Monitor Driver BinaryPathName": "服务：监控驱动程序二进制路径名",
    "Protocol Filter Classes": "协议过滤器类",
    "Detect UAC Tampering": "检测 UAC 篡改",
    "Office Trusted Location Changes": "Office 受信任位置更改",
    "Hidden File Extensions Explorer Setting modification": "隐藏文件扩展名资源管理器设置修改",
    "Teamviewer Persistence Login Name": "Teamviewer 持久性登录名",
    "Scheduled Task Creation Date Key": "计划任务创建日期键",
    "ProviderExecMethod 1": "提供者执行方法 1",
    "Manifest pointing to service's DLL": "指向服务 DLL 的清单",
    "Cobalt Strike Team Server port": "Cobalt Strike 团队服务器端口",
    "SHS Office File for copy pastes": "用于复制粘贴的 SHS Office 文件",
    "Suspicious DNS Requests": "可疑的 DNS 请求",
    "WSF Scripting": "WSF 脚本",
    "App Compat Database installer": "应用程序兼容性数据库安装程序",
    "Detect System Policy Changes": "检测系统策略更改",
    "Set": "设置",
    "Outlook Security Changes": "Outlook 安全性更改",
    "Game PAK Archive": "游戏 PAK 压缩文件",
    "HTML APP Host": "HTML 应用程序主机",
    "Detect New Mice": "检测新鼠标",
    "Alternate Data Streams": "备用数据流",
    "App added to Firewall Auth list": "应用程序添加到防火墙授权列表",
    "User Downloaded Files": "用户下载的文件",
    "ClickOnce URL Update Artifact": "ClickOnce URL 更新工件",
    "ProcessAccess with CorperfmontExt.dll": "使用 CorperfmontExt.dll 的进程访问",
    "Files dropped in wwwroot directory": "放置在 wwwroot 目录中的文件",
    "New dll file dropped to C:\\Windows\\": "新 dll 文件放置到 C:\\Windows\\",
    "CMDLine File Created": "创建 CMDLine 文件",
    "Zoom Hostname Lookup": "Zoom 主机名查找",
    "Web Browser HTTP Connections": "Web 浏览器 HTTP 连接",
    "Network connection from Public User folder": "来自公共用户文件夹的网络连接",
    "Microsoft Powerpoint Addins": "Microsoft Powerpoint 加载项",
    "Wireless Credential Dumping": "无线凭据转储",
    "Unavailable Signature Driver Loaded": "加载了不可用签名的驱动程序",
    "LdrLoadDll DLL Injection": "LdrLoadDll DLL 注入",
    "Windows Filter loader": "Windows 过滤器加载器",
    "Suspicious Process Loading ntkrnlmp.exe": "可疑进程加载 ntkrnlmp.exe",
    "Office Template created": "创建 Office 模板",
    "MMC Snapin": "MMC 管理单元",
    "Soviet Union TLD DNS Query": "苏联 TLD DNS 查询",
    "System information discovery with reg.exe": "使用 reg.exe 进行系统信息发现",
    "New user created": "创建新用户",
    "Microsoft Installer": "Microsoft 安装程序",
    "Detect New Biometric Devices": "检测新的生物识别设备",
    "IPv6 Changes detected": "检测到 IPv6 更改",
    "Execution from winrar Archive File": "从 winrar 压缩文件执行",
    "Suspicious OpenAs_RunDLL": "可疑的 OpenAs_RunDLL",
    "Microsoft Graph API Lookup": "Microsoft Graph API 查找",
    "Suspicious Process Accessing Sysmon": "可疑进程访问 Sysmon",
    "Procdump Detected": "检测到 Procdump",
    "Suspicious TLD .rocks DNS Query": "可疑的 TLD .rocks DNS 查询",
    "RegSVR32 Network Connection": "RegSVR32 网络连接",
    "SC.exe Network Connection": "SC.exe 网络连接",
    "Executed files on Desktop": "在桌面上执行的文件",
    "Machine Password Change Detected": "检测到机器密码更改",
    "JavaScript": "JavaScript",
    "Detected Unauthorized changes to Office Security": "检测到对 Office 安全性的未授权更改",
    ".csproj execution": ".csproj 执行",
    "Monitor OS Config LSA Notification Packages": "监控操作系统配置 LSA 通知包",
    "WScript taskschd.dll Load": "WScript taskschd.dll 加载",
    "Account Expiration": "账户过期",
    "Notepad Network Connection": "记事本网络连接",
    "Office Spawning exe within: ProgramData": "Office 在 ProgramData 中生成 exe",
    "SyncAppvPublishingServer Applocker Bypass": "SyncAppvPublishingServer Applocker 绕过",
    "LZMA Archive": "LZMA 压缩文件",
    "Windows Defender AntiSpyware Disablement Detection": "Windows Defender 反间谍软件禁用检测",
    "Monitor DOS Devices Virtual Registry Paths": "监控 DOS 设备虚拟注册表路径",
    "LSASS Access 3": "LSASS 访问 3",
    "Socks Proxy Port 1080": "Socks 代理端口 1080",
    "SETHC Priv Escalation": "SETHC 权限提升",
    "Windows Firewall Modifications": "Windows 防火墙修改",
    "Security Center Disabled Monitoring": "安全中心已禁用监控",
    "DCOM: ShellBrowserWindow": "DCOM: ShellBrowserWindow",
    "AR Archive": "AR 压缩文件",
    "Process Termination Events in Program Files Directories": "Program Files 目录中的进程终止事件",
    "Microsoft Teams URL clicked": "点击了 Microsoft Teams URL",
    "WINSCP Sessions": "WINSCP 会话",
    "Explorer Loading Powershell in memory": "资源管理器在内存中加载 Powershell",
    "Schtasks task Run": "Schtasks 任务运行",
    "Powershell Not Loading AMSI.dll": "Powershell 未加载 AMSI.dll",
    "Process Spawned from Acrobat": "从 Acrobat 生成的进程",
    "Last Logged on User modification": "最后登录用户修改",
    "Suspicious TLD .Host DNS Query": "可疑的 TLD .Host DNS 查询",
    "User Process Terminations": "用户进程终止",
    "DotNet UsageLogs": "DotNet 使用日志",
    "Detect Keyloggers and new Keyboards": "检测键盘记录器和新键盘",
    "Proxy Autoconfig URL": "代理自动配置 URL",
    "User added Macro trusted certificate": "用户添加了宏受信任证书",
    "Driver Loaded in Temp": "在临时目录加载的驱动程序",
    "RAR Archive": "RAR 压缩文件",
    "IIS Crypto Keys": "IIS 加密密钥",
    "Services: Monitor Driver RequiredPrivileges": "服务：监控驱动程序所需权限",
    "Windows Icon": "Windows 图标",
    "Possible Token manipulation": "可能的令牌操作",
    "Powershell Network Connection": "Powershell 网络连接",
    "HTTPS": "HTTPS",
    "Rundll32 DCOM: CommandLine Execution": "Rundll32 DCOM: 命令行执行",
    "Services: Monitor Driver DependOnService": "服务：监控驱动程序 DependOnService",
    "InstallUtil": "InstallUtil",
    "Scheduled Task Added to Logon": "计划任务添加到登录",
    "AutoStart on Disconnect": "断开连接时自动启动",
    "Indirect Command Execution with forfiles": "通过 forfiles 间接命令执行",
    "Windows Defender Spynet Reporting Disablement Detection": "Windows Defender Spynet 报告禁用检测",
    "Process Termination Events in System32": "System32 中的进程终止事件",
    "Services: New Adapter Driver": "服务：新适配器驱动程序",
    "LZM Archive": "LZM 压缩文件",
    "File Created with command shell": "使用命令外壳创建的文件",
    "Outlook MSG": "Outlook MSG",
    "Potential Office Macro Execution Detected": "检测到潜在的 Office 宏执行",
    "File Created by Teamviewer": "由 Teamviewer 创建的文件",
    "RegSVCS Network Connection": "RegSVCS 网络连接",
    "Executed files within Downloads": "在下载文件夹内执行的文件",
    "Process Termination Events in Root folders": "根文件夹中的进程终止事件",
    "Registry AutoRun Keys": "注册表自动运行键",
    "Query Debug info 2": "查询调试信息 2",
    "Windows Script File Component File": "Windows 脚本文件组件文件",
    "Mountpoints2 Mounted Device Detection": "Mountpoints2 挂载设备检测",
    "Services: Service Start Mode Changed to: Manual": "服务：服务启动模式更改为：手动",
    "Suspicious Execution extensions": "可疑执行扩展",
    "Socks Proxy Port 8080": "Socks 代理端口 8080",
    "Uninstaller Network connectivity": "卸载程序网络连接",
    "BIN": "BIN",
    "Software Installed or DisplayVersion modified": "软件安装或 DisplayVersion 修改",
    "Browsers accessing non-standard ports": "浏览器访问非标准端口",
    "Detect Changes to Thumbnail cache autostart": "检测缩略图缓存自动启动的更改",
    "Input Method Network Connection": "输入法网络连接",
    "Non-Browsers Accessing HTTP": "非浏览器访问 HTTP",
    "System Child Processes": "系统子进程",
    "Credentials in Registry: Username": "注册表中的凭据：用户名",
    "WLL Office Application Startup": "WLL Office 应用程序启动",
    "LSASS Cobalt Strike Monitor": "LSASS Cobalt Strike 监控",
    "RDP": "RDP",
    "Excel Macro": "Excel 宏",
    "RDP Bitmap Cache": "RDP 位图缓存",
    "Detect Winsock Proxy Server Changes": "检测 Winsock 代理服务器更改",
    "DNS Over HTTPS Detected": "检测到通过 HTTPS 的 DNS",
    "Windows Subsystem For Linux exec": "适用于 Linux 的 Windows 子系统执行",
    "Detect USB Input Devices": "检测 USB 输入设备",
    "Windows Shell Hijack: ShellServiceObjects": "Windows Shell 劫持：ShellServiceObjects",
    "XXX TLD DNS Query": "XXX TLD DNS 查询",
    "Detect NETSH Helper DLL Changes": "检测 NETSH 助手 DLL 更改",
    "ipconfig discovery": "ipconfig 发现",
    "Powershell Loading MSI.dll": "Powershell 加载 MSI.dll",
    "Monitor User Protocol Handlers": "监控用户协议处理程序",
    "SysNative detected": "检测到 SysNative",
    "Files Created within System Profile": "在系统配置文件中创建的文件",
    "Windows Shell Hijack: PropertySheetHandlers": "Windows Shell 劫持：PropertySheetHandlers",
    "Unknown Process Connecting to network": "未知进程连接到网络",
    "Teamviewer Persistence Token ID modification": "Teamviewer 持久性令牌 ID 修改",
    "SCP Data exfiltration detected": "检测到 SCP 数据泄露",
    "Scheduled Task Added to Boot Time": "计划任务添加到启动时间",
    "ASP Files dropped outside wwwroot directory": "ASP 文件放置在 wwwroot 目录之外",
    "VNC Network Connection": "VNC 网络连接",
    "Detect New Disk Drive": "检测新磁盘驱动器",
    "Files edited with Notepad Plus Plus": "用 Notepad++ 编辑的文件",
    "CMD Prompt network Connection": "CMD 提示符网络连接",
    "Exe created within Downloads Folder": "在下载文件夹中创建的 Exe",
    "North Korea TLD DNS Query": "朝鲜 TLD DNS 查询",
    "Powershell Loading AMSI.dll": "Powershell 加载 AMSI.dll",
    "LSASS Credential Access": "LSASS 凭证访问",
    "RAR SFX Archive Extraction": "RAR SFX 压缩文件提取",
    "Box.com Cloud Exfiltration": "Box.com 云泄露",
    "Zoom: Screen Share": "Zoom：屏幕共享",
    "Batch File scripting: Batch scripts": "批处理文件脚本：批处理脚本",
    "Network Connection Changes with netsh": "使用 netsh 的网络连接更改",
    "Process Terminate: Killing of Log Shippers": "进程终止：日志传输终止",
    "WebDav Cache Files Created": "创建了 WebDav 缓存文件",
    "Workflow Compiler": "工作流编译器",
    "IronPython": "IronPython",
    "Detect Group Policy Logoff Scripts": "检测组策略注销脚本",
    "Monitor OS Config LSA Security Packages": "监控操作系统配置 LSA 安全包",
    "Monitor Network Interface Priority ordering": "监控网络接口优先级排序",
    "Execution - Unusual Scripting Engine in use - jscript9.dll": "执行 - 使用不常见的脚本引擎 - jscript9.dll",
    "Shadow DNS Query": "影子 DNS 查询",
    "Valid Signature Driver Loaded": "已加载有效签名的驱动程序",
    "Directory Classes": "目录类",
    "Detected Modifications of File Tracing": "检测到文件跟踪的修改",
    "Image Condition Contains 'unknown process'": "图像条件包含 '未知进程'",
    "CVE2019-1315": "CVE-2019-1315",
    "Process Termination Events in inetpub Directories": "inetpub 目录中的进程终止事件",
    "Desktop Gadget File": "桌面小工具文件",
    "Remote WMIC commands": "远程 WMIC 命令",
    "CSShellExecute_DoExecute": "CSShellExecute_DoExecute",
    "Detect New WPD Devices": "检测新的 WPD 设备",
    "Detect DHCP Name Server Changes": "检测 DHCP 名称服务器更改",    
    "Unusual OLE ActiveX execution from Microsoft Office": "来自 Microsoft Office 的异常 OLE ActiveX 执行",
    "ScriptFile execution": "脚本文件执行",
    "WSH Scripting": "WSH 脚本",
    "Office Macro Injection Detected": "检测到 Office 宏注入",
    "Interesting files: Microsoft Office Isolated Conversion Environment": "有趣的文件：Microsoft Office 独立转换环境",
    "Winlogon Taskman Key": "Winlogon Taskman 键",
    "InstallUtil 2": "InstallUtil 2",
    "NetNTLM downgrade attack": "NetNTLM 降级攻击",
    "Wscript Internet Access library Loads": "Wscript 互联网访问库加载",
    "Network Connection from NetworkService User folder": "来自 NetworkService 用户文件夹的网络连接",
    "MSHTA Scripting": "MSHTA 脚本",
    "Direct System Call Events": "直接系统调用事件",
    "Teamviewer Meeting Username Registry Key modification": "Teamviewer 会议用户名注册表键修改",
    "Powerpoint OpenXML Filetype": "Powerpoint OpenXML 文件类型",
    "Command Shell install Key": "命令外壳安装键",
    "Suspicious Control_RunDLL Commands": "可疑的 Control_RunDLL 命令",
    "detect aliases": "检测别名",
    "IMG Archive": "IMG 压缩文件",
    "Excel Security Changes": "Excel 安全性更改",
    "Symbolic Registry Link Created": "创建符号注册表链接",
    "Outlook Attachments Executed to Common Download locations": "Outlook 附件执行到常见下载位置",
    "plink.exe 64bit imphash matched": "plink.exe 64位 imphash 匹配",
    "Detect Authentication Provider Changes": "检测身份验证提供者更改",
    "Modification to System Exploit Protection": "系统漏洞保护修改",
    "Active Setup Installed Components": "活动安装已安装的组件",
    "Zoom: Video and Audio Session Start": "Zoom：视频和音频会话开始",
    "Com Object Hijacking Locations": "Com 对象劫持位置",
    "Spooled Print Job": "假脱机打印作业",
    "XYZ TLD DNS Query": "XYZ TLD DNS 查询",
    "OpenVPN": "OpenVPN",
    "CIA Vault7: https://wikileaks.org/ciav7p1/cms/page_16384212.html": "CIA Vault7: https://wikileaks.org/ciav7p1/cms/page_16384212.html",
    "Detect Network Persistent Route Change": "检测网络持久路由更改",
    "Files Created from System Profile executable": "从系统配置文件可执行文件创建的文件",
    "privatlab.com Cloud Exfiltration": "privatlab.com 云泄露",
    "Generic User Execution": "通用用户执行",
    "Appcompat Shims": "应用程序兼容性垫片",
    "Secure Shell FTP Execution": "安全外壳 FTP 执行",
    "Services: Service Start Mode Changed to: System": "服务：服务启动模式更改为：系统",
    "AppInitDLL Monitoring: DLLs that get injected into every process launch": "AppInitDLL 监控：每个进程启动时注入的 DLL",
    "Services: Monitor Driver DependOnGroup": "服务：监控驱动程序 DependOnGroup",
    "Office App Creating DLL File": "Office 应用程序创建 DLL 文件",
    "IPSec": "IPSec",
    "Web Proxy Auto-Discovery Protocol Lookup": "Web 代理自动发现协议查找",
    "Files dropped in wwwroot htdocs directory": "放置在 wwwroot htdocs 目录中的文件",
    "Git For Windows Detection: Revil: Sodinokibi": "Git For Windows 检测：Revil：Sodinokibi",
    "Detect malware changes to UAC prompt level": "检测恶意软件对 UAC 提示级别的更改",
    "Detect DHCP Server Change": "检测 DHCP 服务器更改",
    "DCOM: WScript.Shell": "DCOM: WScript.Shell",
    "DCOM: ShellWindows": "DCOM: ShellWindows",
    "File Protocol Handler Execution": "文件协议处理程序执行",
    "Lanmanserver Parameters Registry Change Detected": "检测到 Lanmanserver 参数注册表更改",
    "Shodan Network Connection": "Shodan 网络连接",
    "Hidden File Explorer Setting modification": "隐藏的文件资源管理器设置修改",
    "File Dropped with mshta.exe": "使用 mshta.exe 放置的文件",
    "User Outlook Attachments": "用户 Outlook 附件",
    "Top TLD DNS Query": "顶级 TLD DNS 查询",
    "Services: Monitor Driver ObjectName: User Service Runs as specified in ServiceStartName": "服务：监控驱动程序 ObjectName：用户服务按 ServiceStartName 中指定运行",
    "Office Keys: Monitor Disabling of Internet files in Protected View": "Office 键：监控在受保护视图中禁用 Internet 文件",
    "LSASS Access 2": "LSASS 访问 2",
    "Kerberos Ticket Disclosure": "Kerberos 票证泄露",
    "Windows Remote Management execution": "Windows 远程管理执行",
    "Microsoft:Windows:Security Center: HideSCAHealth": "Microsoft:Windows:Security Center: HideSCAHealth",
    "User added Macro document to Trusted Records 2": "用户将宏文档添加到受信任记录 2",
    "Suspicious clr windows management dll Load": "可疑的 clr windows 管理 dll 加载",
    "Office Keys: Monitor Disabling of Unsafe Locations in Protected View": "Office 键：监控在受保护视图中禁用不安全位置",
    "Protocol Handler Classes": "协议处理程序类",
    "Detect Group Policy Shutdown Scripts": "检测组策略关闭脚本",
    "Office VSTO Addin detected": "检测到 Office VSTO 加载项",
    "Outlook Attachments Executed suspicious html attachment 2": "Outlook 附件执行可疑的 html 附件 2",
    "TAR.GZ Archive": "TAR.GZ 压缩文件",
    "DCOM: Powerpoint.Application": "DCOM: Powerpoint.Application",
    "Lateral Movement: New Named Pipe added to NullSession": "横向移动：向 NullSession 添加新命名管道",
    "Files dropped in Exchange OAB directory": "放置在 Exchange OAB 目录中的文件",
    "AutoIT Application Detected": "检测到 AutoIT 应用程序",
    "Files dropped in Exchange ECP directory": "放置在 Exchange ECP 目录中的文件",
    "User Mount Points": "用户挂载点",
    "Folder Classes": "文件夹类",
    "Detect Network Type Change": "检测网络类型更改",
    "File created/accessed from Zip File": "从 Zip 文件创建/访问的文件",
    "Tomcat Webserver connectivity": "Tomcat 网络服务器连接",
    "Zip File Extraction from explorer": "从资源管理器提取 Zip 文件",
    "Windows Defender Behavior Monitoring Disablement Detection": "Windows Defender 行为监控禁用检测",
    "New Exe file dropped to C:\\Windows\\": "新 Exe 文件放置到 C:\\Windows\\",
    "Non-Browsers Accessing HTTPS": "非浏览器访问 HTTPS",
    "Manager Profile Installer": "管理器配置文件安装程序",
    "CredsLeaker exfiltration tool detected": "检测到 CredsLeaker 泄露工具",
    "Logon Logoff Shutdown Scripts": "登录注销关闭脚本",
    "Scheduled Task Creation Path Key": "计划任务创建路径键",
    "Remote Query Debug info": "远程查询调试信息",
    "DCOM: HTML Application": "DCOM: HTML Application",
    "Virtualbox VM Escape": "Virtualbox VM 逃逸",
    "Scanhub Network Connection": "Scanhub 网络连接",
    "Screensaver": "屏幕保护程序",
    "Ownership Permission Modifications with takeown": "使用 takeown 的所有权权限修改",
    "Teamviewer Hostname Lookup": "Teamviewer 主机名查找",
    "CreateProcessW": "CreateProcessW",
    "Socks Proxy Port 3128": "Socks 代理端口 3128",
    "Detect Group Policy Logon Scripts": "检测组策略登录脚本",
    "Kerberos Server Lookup": "Kerberos 服务器查找",
    "DriverQuery Network Connection": "DriverQuery 网络连接",
    "rasautou execution": "rasautou 执行",
    "LDAPS": "LDAPS",
    "Suspicious In-Memory Module Execution 3": "可疑的内存中模块执行 3",
    "Data exfiltration Tool detected 3": "检测到数据泄露工具 3",
    "exclude common noise": "排除常见噪声",
    "ASPX Files dropped outside wwwroot directory": "ASPX 文件放置在 wwwroot 目录之外",
    "Sysinternals PSKILL Tools": "Sysinternals PSKILL 工具",
    "CreateFileMapping": "CreateFileMapping",
    "XZ Archive": "XZ 压缩文件",
    "Unsigned Global Assembly Cache Load": "未签名的全局程序集缓存加载",
    "Outbound Non-System port 445 SMB connections": "出站非系统端口 445 SMB 连接"
}


