{
"Process: Process Access": "进程：进程访问",
"Network Traffic: Network Connection Creation": "网络流量：网络连接创建",
"Windows Registry: Windows Registry Key Deletion": "Windows 注册表：注册表项删除",
"Network Traffic: Network Traffic Content": "网络流量：网络流量内容",
"Process: Process Creation": "进程：进程创建",
"Module: Module Load": "模块：模块加载",
"Windows Registry: Windows Registry Key Modification": "Windows 注册表：注册表项修改",
"Process: Process Modification": "进程：进程修改",
"File: File Metadata": "文件：文件元数据",
"Named Pipe: Named Pipe Metadata": "命名管道：命名管道元数据",
"File: File Creation": "文件：文件创建",
"Driver: Driver Load": "驱动程序：驱动程序加载",
"Windows Registry: Windows Registry Key Creation": "Windows 注册表：注册表项创建",
"Process: Process Termination": "进程：进程终止"
}