{
    "Detect suspicious named pipe connections to an AD FS WID": "检测对 AD FS WID 的可疑命名管道连接",
    "AmCache Device Info": "AmCache 设备信息",
    "Run MRU": "运行 MRU",
    "New Device Connected": "新设备连接",
    "IE history Detection": "IE 历史记录检测",
    "ISO Drive Mounted": "ISO 驱动器挂载",
    "AmCache InvDB-Store": "AmCache InvDB-Store",
    "Detect humanInterfaceDevice Accesses": "检测人机接口设备访问",
    "Misc Recent File List History": "杂项最近文件列表历史",
    "AmCache InvDB-Pub": "AmCache InvDB-Pub",
    "Adobe Recent File List History": "Adobe 最近文件列表历史",
    "Teamviewer LogOutgoingConnection Registry Key modification": "Teamviewer LogOutgoingConnection 注册表键修改",
    "Browser Helper Object Contacted Domains": "浏览器助手对象联系的域名",
    "Winzip History": "Winzip 历史",
    "Regedit history Detection": "Regedit 历史检测",
    "Monitor Network History": "监控网络历史",
    "Putty Sessions": "Putty 会话",
    "Office History": "Office 历史",
    "Printer Port Changes": "打印机端口更改",
    "AmCache Office Information": "AmCache Office 信息",
    "PrintNightmare Coverage": "PrintNightmare 覆盖范围",
    "AmCache InvDB-CompileTimeClaim": "AmCache InvDB-CompileTimeClaim",
    "Chrome Extension auditing": "Chrome 扩展审计",
    "Registry Hive List": "注册表配置单列表",
    "Recent Office History": "最近 Office 历史",
    "AmCache Driver Package Info": "AmCache 驱动程序包信息",
    "AmCache PNP Device Info": "AmCache PNP 设备信息",
    "User SID History for Forensics": "用于取证的用户 SID 历史",
    "Explorer Last Visited MRU": "资源管理器最后访问的 MRU",
    "Office History MRU": "Office 历史 MRU",
    "Regedit Applets": "Regedit 小程序",
    "Detect Bluetooth Audio Capture": "检测蓝牙音频捕获",
    "LogMeIn File Transfer Recipient": "LogMeIn 文件传输接收者",
    "Detect Input Capture Accesses/Keyloggers": "检测输入捕获访问/键盘记录器",
    "Teamviewer Password Registry Key date": "Teamviewer 密码注册表键日期",
    "AmCache InvDB-Ver": "AmCache InvDB-Ver",
    "Detect USB Accesses": "检测 USB 访问",
    "Detect Webcam Accesses": "检测网络摄像头访问",
    "Kitty Sessions": "Kitty 会话",
    "Virtual DVD-ROM Drive Mounted": "虚拟 DVD-ROM 驱动器挂载",
    "Teamviewer LogIncomingConnections Registry Key modification": "Teamviewer LogIncomingConnections 注册表键修改",
    "Detect Contacts Accesses": "检测联系人访问",
    "GoToMyPC Guest Invite": "GoToMyPC 访客邀请",
    "Windows Prefetch Exec History": "Windows 预取执行历史",
    "AmCache InvDB-DriverVer": "AmCache InvDB-DriverVer",
    "Old Chrome Extension auditing": "旧版 Chrome 扩展审计",
    "AmCache InvDB-Path": "AmCache InvDB-Path",
    "AmCache Application File Info": "AmCache 应用程序文件信息",
    "LogMeIn Guest Recipient": "LogMeIn 访客接收者",
    "AmCache Application Shortcuts": "AmCache 应用程序快捷方式",
    "AmCache Application Installation Info": "AmCache 应用程序安装信息",
    "RDP Connection History Tracking": "RDP 连接历史跟踪",
    "GoToMyPC File Transfer History": "GoToMyPC 文件传输历史",
    "Detect Location Accesses": "检测位置访问",
    "Recent Jumplist Custom Destinations": "最近跳转列表自定义目标",
    "Suspicious Keyboard Layout Load": "可疑的键盘布局加载",
    "AmCache Driver Binary Info": "AmCache 驱动程序二进制信息",
    "AmCache AppV Application Inventory": "AmCache AppV 应用程序清单",
    "Detect Microphone Accesses": "检测麦克风访问",
    "WinRAR History": "WinRAR 历史",
    "AppCompat Shims": "AppCompat 垫片"
}
