{
  "SysmonEvents": [
    {
      "ID": "1",
      "Name": "进程创建"
    },
    {
      "ID": "2",
      "Name": "进程更改了文件创建时间"
    },
    {
      "ID": "3",
      "Name": "网络连接"
    },
    {
      "ID": "4",
      "Name": "Sysmon 服务状态已更改"
    },
    {
      "ID": "5",
      "Name": "进程已终止"
    },
    {
      "ID": "6",
      "Name": "驱动程序已加载"
    },
    {
      "ID": "7",
      "Name": "映像已加载"
    },
    {
      "ID": "8",
      "Name": "创建远程线程"
    },
    {
      "ID": "9",
      "Name": "原始访问读取"
    },
    {
      "ID": "10",
      "Name": "进程访问"
    },
    {
      "ID": "11",
      "Name": "文件创建"
    },
    {
      "ID": "12",
      "Name": "注册表事件（对象创建和删除）"
    },
    {
      "ID": "13",
      "Name": "注册表事件（值设置）"
    },
    {
      "ID": "14",
      "Name": "注册表事件（项和值重命名）"
    },
    {
      "ID": "15",
      "Name": "文件创建流哈希"
    },
    {
      "ID": "16",
      "Name": "服务配置更改"
    },
    {
      "ID": "17",
      "Name": "管道事件（管道已创建）"
    },
    {
      "ID": "18",
      "Name": "管道事件（管道已连接）"
    },
    {
      "ID": "19",
      "Name": "WMI事件（检测到 WmiEventFilter 事件）"
    },
    {
      "ID": "20",
      "Name": "WMI事件（检测到 WmiEventConsumer 活动）"
    },
    {
      "ID": "21",
      "Name": "WMI事件（检测到 WmiEventConsumerToFilter 活动）"
    },
    {
      "ID": "22",
      "Name": "DNS事件（DNS 查询）"
    },
    {
      "ID": "23",
      "Name": "文件删除（文件删除已存档）"
    },
    {
      "ID": "24",
      "Name": "剪贴板更改（剪贴板中的新内容）"
    },
    {
      "ID": "25",
      "Name": "进程篡改（进程映像更改）"
    },
    {
      "ID": "26",
      "Name": "文件删除检测（文件删除已记录）"
    },
    {
      "ID": "27",
      "Name": "文件阻止可执行"
    },
    {
      "ID": "28",
      "Name": "文件阻止粉碎"
    },
    {
      "ID": "29",
      "Name": "检测到可执行文件"
    },
    {
      "ID": "255",
      "Name": "错误"
    }
  ]
}
