{
  "Reconnaissance": "侦察",
  "Discovery": "发现",
  "Initial Access": "初始访问",
  "Initial Access,CVE=CVE-2020-1350": "初始访问,CVE=CVE-2020-1350",
  "Execution": "执行",
  "Execution/Lateral Movement": "执行/横向移动",
  "Persistence/Privilege Escalation": "持久化/权限提升",
  "Privilege Escalation": "权限提升",
  "Persistence": "持久化",
  "Build Capabilities": "构建能力",
  "Credential Access/Persistence": "凭证访问/持久化",
  "Defense Evasion/Execution": "防御规避/执行",
  "NA": "不适用",
  "Defense Evasion": "防御规避",
  "Defnse Evasion": "防御规避",
  "Credential Access/Discovery": "凭证访问/发现",
  "Credential Access": "凭证访问",
  "Credential Dumping": "凭证转储",
  "Lateral Movement": "横向移动",
  "Collection": "收集",
  "Command and Control": "命令与控制",
  "Command And Control": "命令与控制",
  "Exfiltration": "数据泄露",
  "Impact": "影响",
  "Execution/Persistence/Privilege Escalation": "执行/持久化/权限提升",
  "None": "无",
  "Defense Evasion/Privledge Escalation": "防御规避/权限提升",
  "Privilege Escalation/Persistence/Defense Evasion": "权限提升/持久化/防御规避",
  "Defense Evasion/Privilege Escalation": "防御规避/权限提升",
  "Adversary Opsec": "对手行动安全",
  "Cobalt Strike": "Cobalt Strike",
  "Defense Escalation/Persistence": "防御升级/持久性",
  "Defense Evasion Execution": "防御规避执行",
  "Execution/Persistence": "执行/持久性",
  "Execution/Persistence/Privilege Escalation": "执行/持久性/权限提升",
  "Masquerading": "伪装",
  "N/A": "不适用",
  "Persistence Privilege Escalation": "持久性权限提升",
  "Resource Development": "资源开发"
}
