{
  "Vulnerability Scanning": "漏洞扫描",
  "Account Discovery": "账户发现",
  "Timestomp": "时间篡改",
  "System Network Connections Discovery": "系统网络连接发现",
  "Phishing: Spear Phishing Attachment": "钓鱼：定向鱼叉式钓鱼附件",
  "Drive-by Compromise": "路过式下载攻击",
  "Exploit Public-Facing Application": "利用公开应用程序漏洞",
  "External Remote Services": "外部远程服务",
  "Windows Management Instrumentation": "Windows管理规范",
  "Command and Scripting Interpreter": "命令和脚本解释器",
  "Powershell": "PowerShell",
  "Scripting": "脚本",
  "PowerShell": "PowerShell",
  "Exploitation for Client Execution": "客户端执行漏洞利用",
  "Scheduled Task/Job: Scheduled Task": "计划任务/作业：计划任务",
  "Service Execution": "服务执行",
  "Windows Service": "Windows服务",
  "System Services: Service Execution": "系统服务：服务执行",
  "Malicious File": "恶意文件",
  "Post Compromise Tool Development": "入侵后工具开发",
  "User Execution": "用户执行",
  "Account Manipulation": "账户操纵",
  "Create Account": "创建账户",
  "Image File Execution Options Injection": "映像文件执行选项注入",
  "Abuse Elevation Control Mechanism": "滥用提权控制机制",
  "Access Token Manipulation": "访问令牌操纵",
  "Accessibility Features": "辅助功能",
  "Disabling Security Tools": "禁用安全工具",
  "Impair Defenses: Disable Windows Event Logging": "削弱防御：禁用Windows事件日志",
  "Impair Defenses: Disable or Modify Tools": "削弱防御：禁用或修改工具",
  "Disable or Modify System Firewall": "禁用或修改系统防火墙",
  "Clear Windows Event Logs": "清除Windows事件日志",
  "Indicator Removal on Host": "主机上的指标移除",
  "Impair Defenses: Indicator Removal on Host": "削弱防御：主机上的指标移除",
  "Indirect Command Execution": "间接命令执行",
  "Masquerading": "伪装",
  "Masquerading: Double File Extension": "伪装：双文件扩展名",
  "Modify Registry": "修改注册表",
  "Obfuscated Files or Information": "混淆文件或信息",
  "Trusted Developer Utilities Proxy Execution": "可信开发者工具代理执行",
  "Compile After Delivery": "交付后编译",
  "Process Injection": "进程注入",
  "Mavinject": "Mavinject",
  "CMSTP": "CMSTP",
  "Control Panel": "控制面板",
  "Signed Binary Proxy Execution": "签名二进制代理执行",
  "Signed Script Proxy Execution": "签名脚本代理执行",
  "System Binary Proxy Execution": "系统二进制代理执行",
  "Control Panel Items": "控制面板项",
  "Regsvr32": "Regsvr32",
  "Rundll32": "Rundll32",
  "MSHTA": "MSHTA",
  "System Script Proxy Execution": "系统脚本代理执行",
  "Network Sniffing": "网络嗅探",
  "OS Credential Dumping": "操作系统凭据转储",
  "Credential Dumping": "凭据转储",
  "Steal or Forge Kerberos Tickets": "窃取或伪造Kerberos票据",
  "Unsecured Credentials": "不安全的凭据",
  "Process Discovery": "进程发现",
  "Remote System Discovery": "远程系统发现",
  "Security Software Discovery": "安全软件发现",
  "System Information Discovery": "系统信息发现",
  "System Owner/User Discovery": "系统所有者/用户发现",
  "RDP Hijacking": "RDP劫持",
  "Remote Services: Windows Remote Management": "远程服务：Windows远程管理",
  "Windows Remote Management": "Windows远程管理",
  "Remote WMIC/Execution": "远程WMIC/执行",
  "Remote Services": "远程服务",
  "Archive Collected Data": "归档收集的数据",
  "Audio Capture": "音频捕获",
  "Clipboard Data": "剪贴板数据",
  "Email Collection": "邮件收集",
  "Data Encoding": "数据编码",
  "Ingress Tool Transfer": "入口工具传输",
  "Connection Proxy": "连接代理",
  "Proxy: Multi-hop Proxy": "代理：多跳代理",
  "Remote Access Tools": "远程访问工具",
  "Exfiltration Over Alternative Protocol": "通过替代协议的数据泄露",
  "Exfiltration to Cloud Storage": "向云存储泄露数据",
  "Data Encrypted for Impact": "数据加密以造成影响",
  "Data Destruction": "数据破坏",
  "File Deletion": "文件删除",
  "Supply Chain Compromise": "供应链攻击",
  "Command and Scripting Interpreter: Python": "命令和脚本解释器：Python",
  "Network Service Scanning/Reconnaissance": "网络服务扫描/侦察",
  "Active Scanning": "主动扫描",
  "Visual Basic": "Visual Basic",
  "Scheduled Task": "计划任务",
  "MSIExec": "MSIExec",
  "Signed Binary Proxy Execution: Mavinject": "签名二进制代理执行：Mavinject",
  "System Network Configuration Discovery": "系统网络配置发现",
  "Multi-hop Proxy": "多跳代理",
  "None": "无",
  "System Firmware": "系统固件",
  "Create or Modify System Process: Windows Service": "创建或修改系统进程：Windows服务",
  "Event Triggered Execution: Image File Execution Options Injection": "事件触发执行：映像文件执行选项注入",
  "Process Debugging Detected": "检测到进程调试",
  "Process Injection: Dynamic-link Library Injection": "进程注入：动态链接库注入",
  "Process Hollowing": "进程空心化",
  "Server Software Component: Web Shell": "服务器软件组件：Web Shell",
  "Exploitation of Remote Services": "远程服务漏洞利用",
  "Registry Autorun Keys": "注册表自启动键",
  "Event Triggered Execution": "事件触发执行",
  "Abuse Elevation Control Mechanism: Bypass User Account Control": "滥用提权控制机制：绕过用户账户控制",
  "Hide Artifacts: Hidden Users": "隐藏痕迹：隐藏用户",
  "Impair Defenses": "削弱防御",
  "Credentials in Registry": "注册表中的凭据",
  "Office Application Startup": "Office应用程序启动",
  "Application Layer Protocol": "应用层协议",
  "Resource Hijacking": "资源劫持",
  "Dynamic DNS": "动态DNS",
  "Masquerading: Masquerade File Type": "伪装：伪装文件类型",
  "Command and Scripting Interpreter: Windows Command Shell": "命令和脚本解释器：Windows命令行",
  "User Execution: Malicious File": "用户执行：恶意文件",
  "System Binary Proxy Execution: Control Panel": "系统二进制代理执行：控制面板",
  "System Binary Proxy Execution: CMSTP": "系统二进制代理执行：CMSTP",
  "System Binary Proxy Execution: InstallUtil": "系统二进制代理执行：InstallUtil",
  "System Binary Proxy Execution: Mshta": "系统二进制代理执行：Mshta",
  "System Binary Proxy Execution: Odbcconf": "系统二进制代理执行：Odbcconf",
  "System Binary Proxy Execution: Regsvcs/Regasm": "系统二进制代理执行：Regsvcs/Regasm",
  "System Binary Proxy Execution: Regsvr32": "系统二进制代理执行：Regsvr32",
  "System Binary Proxy Execution: Rundll32": "系统二进制代理执行：Rundll32",
  "System Binary Proxy Execution: Verclsid": "系统二进制代理执行：Verclsid",
  "System Binary Proxy Execution: mavinject": "系统二进制代理执行：mavinject",
  "System Binary Proxy Execution: MMC": "系统二进制代理执行：MMC",
  "Exploitation for Privilege Escalation": "提权漏洞利用",
  "Dynamic Data Exchange": "动态数据交换",
    "Access Token Manipulation: Token Impersonation/Theft": "访问令牌操作：令牌冒充/盗窃",
    "Account Access Removal": "帐户访问移除",
    "Alternate Data Streams": "备用数据流",
    "Application Shimming": "应用程序填充",
    "Attack=1089": "攻击=1089",
    "Automated Exfiltration": "自动化数据外泄",
    "Browser Extensions": "浏览器扩展",
    "Bypass User Account Control": "绕过用户帐户控制",
    "CMSTP": "CMSTP",
    "Command and Scripting Interpreter: JavaScript": "命令和脚本解释器：JavaScript",
    "Command and Scripting Interpreter: PowerShell": "命令和脚本解释器：PowerShell",
    "Command and Scripting Interpreter: VisualBasic": "命令和脚本解释器：VisualBasic",
    "Command-Line Interface": "命令行界面",
    "Compiled HTML File": "编译的HTML文件",
    "Component Firmware": "组件固件",
    "Compromise Infrastructure: DNS Server": "危害基础设施：DNS服务器",
    "Create Windows Service": "创建Windows服务",
    "Defense Evasion": "防御逃避",
    "Develop Capabilities": "开发能力",
    "Develop Capabilities: Digital Certificates": "开发能力：数字证书",
    "Distributed Component Object Model": "分布式组件对象模型",
    "Domain Trust Discovery": "域信任发现",
    "Environment Value Modification": "环境值修改",
    "Event Triggered Execution: Change Default File Association": "事件触发执行：更改默认文件关联",
    "Exfiltration Over Web Service: Exfiltration to Cloud Storage": "通过Web服务的数据外泄：外泄到云存储",
    "File and Directory Discovery": "文件和目录发现",
    "File Permissions Modification": "文件权限修改",
    "Group Policy Discovery": "组策略发现",
    "Group Policy Modification": "组策略修改",
    "Hacking": "黑客攻击",
    "Hardware Additions": "硬件添加",
    "Hidden Files and Directories": "隐藏文件和目录",
    "Hijack Execution Flow: DLL Side-Loading": "劫持执行流：DLL侧载",
    "Impair Defenses: Downgrade Attack": "削弱防御：降级攻击",
    "Impair Defenses: Indicator Blocking": "削弱防御：指示器阻止",
    "Indicator Blocking": "指示器阻止",
    "Inhibit System Recovery": "抑制系统恢复",
    "Input Capture: Keylogging": "输入捕获：键盘记录",
    "InstallUtil": "InstallUtil",
    "Keyboard Layout": "键盘布局",
    "LSASS Driver": "LSASS驱动程序",
    "Malware": "恶意软件",
    "Mavinject": "Mavinject",
    "MSHTA": "MSHTA",
    "MSIExec": "MSIExec",
    "Native API": "本地API",
    "Obfuscated Files or Information with IwAjACMAd": "使用IwAjACMAd混淆的文件或信息",
    "Office应用程序启动": "Office应用程序启动",
    "Port Monitors": "端口监视器",
    "Powershell Injection Persistence Bypass - Execution - Lateral Movement - Tactic=Defense Evasion": "Powershell注入持久性绕过 - 执行 - 横向移动 - 策略=防御逃避",
    "PowerShell": "PowerShell",
    "Query Registry": "查询注册表",
    "RDP劫持": "RDP劫持",
    "Registry Autorun": "注册表自动运行",
    "Registry Startup Folder": "注册表启动文件夹",
    "Regsvr32": "Regsvr32",
    "Remote Desktop Protocol": "远程桌面协议",
    "Remote Services: Remote Desktop Protocol": "远程服务：远程桌面协议",
    "Rundll32": "Rundll32",
    "Scheduled Task/Job: At": "计划任务/作业：At",
    "Service Stop": "服务停止",
    "Shortcut Modification": "快捷方式修改",
    "SMB/Windows Admin Shares": "SMB/Windows管理共享",
    "Software Discovery": "软件发现",
    "System Binary Proxy Execution: MSIExec": "系统二进制代理执行：MSIExec",
    "Trusted Developer Utilities Proxy Execution ": "受信任的开发者工具代理执行",
    "Trusted Developer Utilities": "受信任的开发者工具",
    "Visual Basic": "Visual Basic"
}
